file,a,siga,b,sigb,c,sigc,alpha,sigalpha,beta,sigbeta,gamma,siggamma,vol,sigvol,celltemp,sigcelltemp,diffrtemp,sigdiffrtemp,nel,sg,sgHall,sgNumber,commonname,chemname,mineral,formula,calcformula,cellformula,Z,Zprime
1100823,10.0582,0.0005,10.9779,0.0006,28.1698,0.0015,90,,90,,90,,3110.5,0.3,163,2,163,2,4,P 21 21 21,P 2ac 2ab,19,,,,- C31 H51 Si2 Y -,- C31 H51 Si2 Y -,- C124 H204 Si8 Y4 -,4,1
1100824,11.0875,0.001,19.7843,0.0018,15.6311,0.0014,90,,93.695,0.002,90,,3421.7,0.5,171,2,171,2,5,P 1 21/n 1,-P 2yn,14,,,,- C64 H116 Al2 Si4 Y2 -,- C64 H116 Al2 Si4 Y2 -,- C128 H232 Al4 Si8 Y4 -,2,0.5
1100825,29.2318,0.0015,29.2318,0.0015,10.1105,0.0007,90,,90,,90,,8639.4,0.9,163,2,163,2,4,I 41 c d,I 4bw -2c,110,,,,- C23 H35 Si Y -,- C23 H30 Si Y -,- C368 H480 Si16 Y16 -,16,1
1100826,22.5779,0.0005,22.5779,0.0005,8.4111,0.0003,90,,90,,90,,4287.7,0.2,163,2,163,2,3,I -4,I -4,82,,,,- C23 H35 Lu -,- C23 H35 Lu -,- C184 H280 Lu8 -,8,1
1100827,8.9218,0.0011,17.632,0.002,13.6181,0.0017,90,,90.066,0.002,90,,2142.3,0.5,163,2,163,2,3,P 1 21/n 1,-P 2yn,14,,,,- C23 H35 Y -,- C23 H35 Y -,- C92 H140 Y4 -,4,1
1515694,22.508,0.003,5.9232,0.0007,22.328,0.003,90,,101.252,0.005,90,,2919.5,0.7,120,2,120,2,5,P 1 21/c 1,-P 2ybc,14,,,,- C19 H15 N O Ru -,- C19 H15 N O Ru -,- C152 H120 N8 O8 Ru8 -,8,2
1515695,17.4825,0.0005,7.342,0.0002,23.1152,0.0007,90,,90,,90,,2966.99,0.15,120,2,120,2,5,P b c a,-P 2ac 2ab,61,,,,- C20 H17 Fe N O -,- C20 H17 Fe N O -,- C160 H136 Fe8 N8 O8 -,8,1
1515696,30.9574,0.0011,16.257,0.0004,7.4078,0.0003,90,,101.757,0.002,90,,3649.9,0.2,120,2,120,2,6,C 1 2/c 1,-C 2yc,15,,,,- C19 H14 Br Fe N O -,- C19 H14 Br Fe N O -,- C152 H112 Br8 Fe8 N8 O8 -,8,1
1515697,6.0028,0.0002,21.513,0.0012,11.3488,0.0005,90,,93.01,0.003,90,,1463.54,0.11,120,2,120,2,5,P 1 21/c 1,-P 2ybc,14,,,,- C19 H17 Fe N O -,- C19 H17 Fe N O -,- C76 H68 Fe4 N4 O4 -,4,1
1516111,11.0188,0.0004,13.6909,0.0005,15.087,0.0006,64.169,0.002,68.942,0.002,75.522,0.002,1899.9,0.13,100,,100,,5,P -1,-P 1,2,,,,- C46 H48 N2 O Zr -,- C46 H48 N2 O Zr -,- C92 H96 N4 O2 Zr2 -,2,1
1516112,10.387,0.002,15.918,0.004,21.74,0.005,76.406,0.005,79.036,0.005,87.948,0.005,3429.9,1.3,100,2,100,2,6,P -1,-P 1,2,,,,- C36.83 H46.32 Cl2.34 N2 O Ti -,- C36.828 H46.32 Cl2.336 N2 O Ti -,- C147.312 H185.28 Cl9.344 N8 O4 Ti4 -,4,2
1518944,25.577,0.005,6.6615,0.0013,14.001,0.003,90,,94.62,0.004,90,,2377.8,0.8,100,2,100,2,5,C 1 2/c 1,-C 2yc,15,,,,- C22 H34 Cl2 O4 Zr -,- C22 H34 Cl2 O4 Zr -,- C88 H136 Cl8 O16 Zr4 -,4,0.5
1518945,6.5,0.0002,14.86,0.0005,13.979,0.0005,90,,101.328,0.004,90,,1323.93,0.08,293,2,293,2,5,P 1 21/n 1,-P 2yn,14,,,,- C14 H15 Cl O2 Ti -,- C14 H15 Cl O2 Ti -,- C56 H60 Cl4 O8 Ti4 -,4,1
1542398,16.436,0.004,18.645,0.005,19.723,0.005,90,,90,,90,,6044,3,140,1,140,1,5,P 21 21 21,P 2ac 2ab,19,,,,- C32 H47 Br O U -,- C32 H47 Br O U -,- C256 H376 Br8 O8 U8 -,8,2
1542399,14.9546,0.0012,17.323,0.002,8.194,0.0007,90,,90,,90,,2122.7,0.3,100,1,100,1,4,F m m 2,F 2 -2,42,,,,- C20 H30 Br2 U -,- C20 H30 Br2 U -,- C80 H120 Br8 U4 -,4,0.25
1542400,11.0688,0.0009,29.295,0.003,8.7573,0.0007,90,,102.609,0.001,90,,2771.2,0.4,100,1,100,1,6,C 1 c 1,C -2yc,9,,,,- C24 H38 Br2 K O U -,- C24 H38 Br2 K O U -,- C96 H152 Br8 K4 O4 U4 -,4,1
1542401,8.2013,0.0007,18.6785,0.0017,8.4618,0.0008,90,,118.833,0.001,90,,1135.55,0.18,100,1,100,1,4,P 1 21/m 1,-P 2yb,11,,,,- C22 H34 Br2 U -,- C22 H34 Br2 U -,- C44 H68 Br4 U2 -,2,0.5
1565073,9.27977,0.00015,15.8832,0.0002,17.3902,0.0003,88.345,0.0012,82.9269,0.0013,86.1875,0.0012,2537.49,0.07,100.01,0.1,100.01,0.1,4,P -1,-P 1,2,,,,- C28 H34 N4 Y -,- C28 H34 N4 Y -,- C112 H136 N16 Y4 -,4,2
1568507,10.7675,0.0003,17.3155,0.0004,17.5438,0.0005,90,,90,,90,,3270.95,0.15,150,,150,,4,P 21 21 21,P 2ac 2ab,19,,,,- C36 H53 O2 U -,- C36 H53 O2 U -,- C144 H212 O8 U4 -,4,1
1568508,9.4109,0.0016,10.8091,0.0017,14.131,0.002,94.671,0.005,103.949,0.005,92.409,0.006,1387.6,0.4,100,2,100,,5,P -1,-P 1,2,,,,- C59.95 H82 I0.03 O3.95 U2 -,- C59.894 H82 I0.0528 O3.894 U2 -,- C59.894 H82 I0.0528 O3.894 U2 -,1,0.5
1568509,17.9293,0.0018,10.2778,0.001,19.647,0.002,90,,101.133,0.0017,90,,3552.3,0.6,220,,220,,4,P 1 21/n 1,-P 2yn,14,,,,- C86 H96 O6 U2 -,- C86 H96 O6 U2 -,- C172 H192 O12 U4 -,2,0.5
1568510,13.266,0.004,16.193,0.005,15.544,0.005,90,,97.637,0.004,90,,3309.5,1.8,150,2,150,,4,P 1 21/c 1,-P 2ybc,14,,,,- C38 H52 O2 U -,- C38 H52 O2 U -,- C152 H208 O8 U4 -,4,1
1568511,10.5339,0.0009,26.165,0.002,21.8935,0.0018,90,,90.283,0.002,90,,6034.2,0.9,150,,150,,4,P 1 21/c 1,-P 2ybc,14,,,,- C66 H94 O5 U2 -,- C66 H94 O5 U2 -,- C264 H376 O20 U8 -,4,1
1568512,56.6846,0.0017,56.6846,0.0017,10.2786,0.0003,90,,90,,120,,28601.9,1.5,150,,150,,5,R -3 :H,-R 3,148,,,,- C70.5 H94 O6 S U2 -,- C60 H82 O6 S U2 -,- C1080 H1476 O108 S18 U36 -,18,1
1568513,43.0997,0.0015,14.4756,0.0006,20.4007,0.0007,90,,100.911,0.003,90,,12497.8,0.8,150,,150,,4,C 1 2/c 1,-C 2yc,15,,,,- C69.5 H90 O7 U2 -,- C62 H82 O7 U2 -,- C496 H656 O56 U16 -,8,1
1572175,10.31,0.0002,14.2475,0.0002,21.2431,0.0004,90,,101.444,0.002,90,,3058.4,0.1,100.01,0.1,100.01,0.1,6,P 1 21/c 1,-P 2ybc,14,,,,- C25 H32 Cl2 Dy I4 N -,- C25 H32 Cl2 Dy I4 N -,- C100 H128 Cl8 Dy4 I16 N4 -,4,1
1572176,10.4052,0.0003,14.404,0.0004,21.488,0.0007,90,,102.191,0.003,90,,3147.92,0.17,270,0.1,270,0.1,6,P 1 21/c 1,-P 2ybc,14,,,,- C25 H32 Cl2 Dy I4 N -,- C25 H32 Cl2 Dy I4 N -,- C100 H128 Cl8 Dy4 I16 N4 -,4,1
1572177,10.4206,0.0003,14.4229,0.0004,21.5777,0.0007,90,,102.327,0.003,90,,3168.26,0.17,300,0.1,300,0.1,6,P 1 21/c 1,-P 2ybc,14,,,,- C25 H32 Cl2 Dy I4 N -,- C25 H32 Cl2 Dy I4 N -,- C100 H128 Cl8 Dy4 I16 N4 -,4,1
1572178,10.3485,0.0002,14.3166,0.0003,21.297,0.0005,90,,101.719,0.002,90,,3089.49,0.12,170,0.1,170,0.1,6,P 1 21/c 1,-P 2ybc,14,,,,- C25 H32 Cl2 Dy I4 N -,- C25 H32 Cl2 Dy I4 N -,- C100 H128 Cl8 Dy4 I16 N4 -,4,1
1572179,10.4118,0.0003,14.4128,0.0004,21.5424,0.0007,90,,102.244,0.003,90,,3159.19,0.17,290,0.1,290,0.1,6,P 1 21/c 1,-P 2ybc,14,,,,- C25 H32 Cl2 Dy I4 N -,- C25 H32 Cl2 Dy I4 N -,- C100 H128 Cl8 Dy4 I16 N4 -,4,1
1572180,10.3635,0.0002,14.3461,0.0003,21.3369,0.0005,90,,101.833,0.002,90,,3104.87,0.12,200,0.1,200,0.1,6,P 1 21/c 1,-P 2ybc,14,,,,- C25 H32 Cl2 Dy I4 N -,- C25 H32 Cl2 Dy I4 N -,- C100 H128 Cl8 Dy4 I16 N4 -,4,1
1572181,10.3931,0.0003,14.392,0.0004,21.4414,0.0006,90,,102.072,0.003,90,,3136.23,0.16,250,0.1,250,0.1,6,P 1 21/c 1,-P 2ybc,14,,,,- C25 H32 Cl2 Dy I4 N -,- C25 H32 Cl2 Dy I4 N -,- C100 H128 Cl8 Dy4 I16 N4 -,4,1
1572182,10.3596,0.0002,14.3374,0.0003,21.325,0.0005,90,,101.8,0.002,90,,3100.46,0.12,190,0.1,190,0.1,6,P 1 21/c 1,-P 2ybc,14,,,,- C25 H32 Cl2 Dy I4 N -,- C25 H32 Cl2 Dy I4 N -,- C100 H128 Cl8 Dy4 I16 N4 -,4,1
1572183,10.3538,0.0002,14.3266,0.0003,21.3096,0.0005,90,,101.766,0.002,90,,3094.54,0.12,180,0.1,180,0.1,6,P 1 21/c 1,-P 2ybc,14,,,,- C25 H32 Cl2 Dy I4 N -,- C25 H32 Cl2 Dy I4 N -,- C100 H128 Cl8 Dy4 I16 N4 -,4,1
1572184,10.4058,0.0003,14.4072,0.0004,21.5108,0.0007,90,,102.195,0.003,90,,3152.09,0.17,280,0.1,280,0.1,6,P 1 21/c 1,-P 2ybc,14,,,,- C25 H32 Cl2 Dy I4 N -,- C25 H32 Cl2 Dy I4 N -,- C100 H128 Cl8 Dy4 I16 N4 -,4,1
1572185,10.3478,0.0002,14.3119,0.0003,21.2778,0.0004,90,,101.654,0.0019,90,,3086.22,0.11,160,0.1,160,0.1,6,P 1 21/c 1,-P 2ybc,14,,,,- C25 H32 Cl2 Dy I4 N -,- C25 H32 Cl2 Dy I4 N -,- C100 H128 Cl8 Dy4 I16 N4 -,4,1
1572186,10.3865,0.0002,14.3825,0.0003,21.4194,0.0005,90,,102,0.002,90,,3129.79,0.12,240,0.1,240,0.1,6,P 1 21/c 1,-P 2ybc,14,,,,- C25 H32 Cl2 Dy I4 N -,- C25 H32 Cl2 Dy I4 N -,- C100 H128 Cl8 Dy4 I16 N4 -,4,1
1572187,10.338,0.00019,14.2897,0.0003,21.26,0.0004,90,,101.587,0.0018,90,,3076.67,0.11,140.15,0.1,140.15,0.1,6,P 1 21/c 1,-P 2ybc,14,,,,- C25 H32 Cl2 Dy I4 N -,- C25 H32 Cl2 Dy I4 N -,- C100 H128 Cl8 Dy4 I16 N4 -,4,1
1572188,10.31657,0.00018,14.2556,0.0002,21.2459,0.0004,90,,101.476,0.0017,90,,3062.15,0.09,110.01,0.1,110.01,0.1,6,P 1 21/c 1,-P 2ybc,14,,,,- C25 H32 Cl2 Dy I4 N -,- C25 H32 Cl2 Dy I4 N -,- C100 H128 Cl8 Dy4 I16 N4 -,4,1
1572189,10.3238,0.00019,14.2662,0.0002,21.2517,0.0004,90,,101.523,0.0018,90,,3066.89,0.09,120.01,0.1,120.01,0.1,6,P 1 21/c 1,-P 2ybc,14,,,,- C25 H32 Cl2 Dy I4 N -,- C25 H32 Cl2 Dy I4 N -,- C100 H128 Cl8 Dy4 I16 N4 -,4,1
1572190,10.399,0.0003,14.3997,0.0004,21.4703,0.0006,90,,102.143,0.003,90,,3143.08,0.16,260,0.1,260,0.1,6,P 1 21/c 1,-P 2ybc,14,,,,- C25 H32 Cl2 Dy I4 N -,- C25 H32 Cl2 Dy I4 N -,- C100 H128 Cl8 Dy4 I16 N4 -,4,1
1572191,9.3436,0.0001,15.2429,0.0002,16.3815,0.0001,90,,98.51,0.001,90,,2307.42,0.04,100,0.2,100.15,,4,P 1 21/c 1,-P 2ybc,14,,,,- C26 H38 Dy N -,- C26 H38 Dy N -,- C104 H152 Dy4 N4 -,4,1
1572192,10.33049,0.00019,14.2778,0.0002,21.2557,0.0004,90,,101.553,0.0018,90,,3071.63,0.09,130.15,0.1,130.15,0.1,6,P 1 21/c 1,-P 2ybc,14,,,,- C25 H32 Cl2 Dy I4 N -,- C25 H32 Cl2 Dy I4 N -,- C100 H128 Cl8 Dy4 I16 N4 -,4,1
1572193,10.3697,0.0002,14.3573,0.0003,21.3576,0.0005,90,,101.856,0.002,90,,3111.91,0.12,210,0.1,210,0.1,6,P 1 21/c 1,-P 2ybc,14,,,,- C25 H32 Cl2 Dy I4 N -,- C25 H32 Cl2 Dy I4 N -,- C100 H128 Cl8 Dy4 I16 N4 -,4,1
1572194,10.3061,0.0001,14.2414,0.0002,21.2495,0.0004,90,,101.465,0.002,90,,3056.63,0.08,100,0.2,100.15,,6,P 1 21/c 1,-P 2ybc,14,,,,- C25 H32 Cl2 I4 N Y -,- C25 H32 Cl2 I4 N Y -,- C100 H128 Cl8 I16 N4 Y4 -,4,1
1572195,10.3816,0.0002,14.3751,0.0003,21.3967,0.0005,90,,101.96,0.002,90,,3123.85,0.12,230,0.1,230,0.1,6,P 1 21/c 1,-P 2ybc,14,,,,- C25 H32 Cl2 Dy I4 N -,- C25 H32 Cl2 Dy I4 N -,- C100 H128 Cl8 Dy4 I16 N4 -,4,1
1572196,10.3396,0.0002,14.3064,0.0003,21.2014,0.0004,90,,101.314,0.002,90,,3075.22,0.11,99.8,0.6,99.8,0.6,6,P 1 21/c 1,-P 2ybc,14,,,,- C25 H32 Cl2 Gd I4 N -,- C25 H32 Cl2 Gd I4 N -,- C100 H128 Cl8 Gd4 I16 N4 -,4,1
1572197,10.3772,0.0002,14.3687,0.0003,21.3762,0.0005,90,,101.907,0.002,90,,3118.76,0.12,220,0.1,220,0.1,6,P 1 21/c 1,-P 2ybc,14,,,,- C25 H32 Cl2 Dy I4 N -,- C25 H32 Cl2 Dy I4 N -,- C100 H128 Cl8 Dy4 I16 N4 -,4,1
1572198,10.344,0.0002,14.3003,0.0003,21.2652,0.0004,90,,101.627,0.0019,90,,3081.05,0.11,150,0.1,150,0.1,6,P 1 21/c 1,-P 2ybc,14,,,,- C25 H32 Cl2 Dy I4 N -,- C25 H32 Cl2 Dy I4 N -,- C100 H128 Cl8 Dy4 I16 N4 -,4,1
1572199,9.3429,0.00006,15.24462,0.00011,16.36886,0.00011,90,,98.4832,0.0006,90,,2305.89,0.03,100,0.1,100.15,,4,P 1 21/c 1,-P 2ybc,14,,,,- C26 H38 N Y -,- C26 H38 N Y -,- C104 H152 N4 Y4 -,4,1
2243976,23.647,0.002,21.123,0.002,16.8132,0.0018,90,,109.727,0.003,90,,7905.2,1.3,100,,100,,6,C 1 2/c 1,-C 2yc,15,,"Bis[3,5-bis(trifluoromethyl)phenyl-2Îº<i>C</i>^1^](hydrido-2Îº<i>H</i>)(iodido-1Îº<i>I</i>)bis[1,1(Î·^5^)-pentamethylcyclopentadienyl]germaniumuranium(<i>Ge</i>â€?i>U</i>)",,- C36 H37 F12 Ge I U -,- C36 H37 F12 Ge I U -,- C288 H296 F96 Ge8 I8 U8 -,8,1
2243977,34.16,0.003,13.5237,0.0011,16.2986,0.0013,90,,95.028,0.002,90,,7500.5,1.1,100,2,100,2,5,C 1 2/c 1,-C 2yc,15,,"Bis[3,5-bis(trifluoromethyl)phenyl-2Îº<i>C</i>^1^](fluorido-1Îº<i>I</i>)(hydrido-2Îº<i>H</i>)bis[1,1(Î·^5^)-pentamethylcyclopentadienyl]germaniumuranium(<i>Ge</i>â€?i>U</i>)",,- C37 H39 F13 Ge U -,- C37 H39 F13 Ge U -,- C296 H312 F104 Ge8 U8 -,8,1
4062956,15.347,0.001,12.078,0.001,11.071,0.001,90,,104.87,0.01,90,,1983.4,0.3,293,2,293,2,5,C 1 c 1,C -2yc,9,,,,- C19 H28 Cl2 Si Zr -,- C19 H28 Cl2 Si Zr -,- C76 H112 Cl8 Si4 Zr4 -,4,1
4063373,11.0734,0.0002,26.3223,0.0004,11.6259,0.0002,90,,101.831,0.001,90,,3316.7,0.1,173,2,173,2,4,P 1 21/c 1,-P 2ybc,14,,,,- C38 H44 Cl2 Zr -,- C38 H44 Cl2 Zr -,- C152 H176 Cl8 Zr4 -,4,1
4063374,10.1294,0.0004,18.5232,0.0009,20.7106,0.0009,90,,95.147,0.002,90,,3870.2,0.3,100,2,100,2,4,P 1 21/n 1,-P 2yn,14,,,,- C46 H52 Cl2 Zr -,- C46 H52 Cl2 Zr -,- C184 H208 Cl8 Zr4 -,4,1
4063375,11.0044,0.0008,26.201,0.002,11.5564,0.0009,90,,101.67,0.002,90,,3263.1,0.4,100,2,100,2,4,P 1 21/c 1,-P 2ybc,14,,,,- C38 H44 Cl2 Hf -,- C38 H44 Cl2 Hf -,- C152 H176 Cl8 Hf4 -,4,1
4063376,11.542,0.001,13.219,0.001,22.043,0.003,98.66,0.01,97.85,0.01,91.23,0.01,3290.6,0.6,110,1,110,2,4,P -1,-P 1,2,,,,- C38 H44 Cl2 Hf -,- C38 H44 Cl2 Hf -,- C152 H176 Cl8 Hf4 -,4,2
4063377,10.4377,0.0002,21.6825,0.0006,13.6979,0.0003,90,,106.509,0.001,90,,2972.25,0.12,173,2,173,2,4,P 1 21/c 1,-P 2ybc,14,,,,- C32 H40 Cl2 Zr -,- C32 H40 Cl2 Zr -,- C128 H160 Cl8 Zr4 -,4,1
4063619,9.4685,0.0019,11.077,0.002,16.269,0.003,90,,93.67,0.03,90,,1702.8,0.6,153,2,153,2,5,P 1 21/n 1,-P 2yn,14,,,,- C34 H44 Cl2 Cr2 O2 -,- C34 H44 Cl2 Cr2 O2 -,- C68 H88 Cl4 Cr4 O4 -,2,0.5
4063620,9.7218,0.0005,16.8214,0.0009,12.5976,0.0007,90,,91.86,0.001,90,,2059.05,0.19,273,2,273,2,5,P 1 21/c 1,-P 2ybc,14,,,,- C44 H64 Cl2 Cr2 O2 -,- C44 H64 Cl2 Cr2 O2 -,- C88 H128 Cl4 Cr4 O4 -,2,0.5
4063690,8.369,0.001,30.25,0.001,12.931,0.001,90,,90.7,0.001,90,,3273.4,0.5,150,0.1,150,0.1,5,P 1 21 1,P 2yb,4,,,,- C36.5 H41 Cl P2 Ru -,- C36.5 H41 Cl P2 Ru -,- C146 H164 Cl4 P8 Ru4 -,4,2
4064819,11.14968,0.00007,13.38184,0.0001,23.65302,0.00015,90,,90,,90,,3529.11,0.04,140,1,140,1,8,P 21 21 21,P 2ac 2ab,19,,,,- C41 H39 Cl Co N O2 Pt S -,- C41 H39 Cl Co N O2 Pt S -,- C164 H156 Cl4 Co4 N4 O8 Pt4 S4 -,4,1
4065689,10.4092,0.0011,10.3444,0.0011,34.255,0.004,90,,91.4437,0.0013,90,,3687.3,0.7,153,2,153,2,4,P 1 21/n 1,-P 2yn,14,,,,- C42 H55 N3 U -,- C42 H55 N3 U -,- C168 H220 N12 U4 -,4,1
4065690,10.9515,0.0006,14.5882,0.0008,20.7117,0.0011,90,,90.4525,0.0006,90,,3308.9,0.3,103,2,103,2,5,P 1 21/c 1,-P 2ybc,14,,,,- C37 H55 N3 O U -,- C37 H55 N3 O U -,- C148 H220 N12 O4 U4 -,4,1
4065691,8.9362,0.0012,18.274,0.002,16.592,0.002,90,,93.455,0.002,90,,2704.6,0.6,100,2,100,2,5,P 1 21/n 1,-P 2yn,14,UCI47,,,- C27 H42 I N3 U -,- C27 H42 I N3 U -,- C108 H168 I4 N12 U4 -,4,1
4065692,8.6188,0.0008,9.2322,0.0009,17.4294,0.0016,82.0205,0.001,84.9103,0.001,67.1607,0.001,1264.8,0.2,103,2,103,2,4,P -1,-P 1,2,,,,- C27 H41 N3 U -,- C27 H41 N3 U -,- C54 H82 N6 U2 -,2,1
4066131,9.6651,0.0002,16.4871,0.0004,31.7377,0.0009,90,,90,,90,,5057.4,0.2,200,2,200,2,4,P b c a,-P 2ac 2ab,61,,,,- C32 H34 N2 Zr -,- C32 H34 N2 Zr -,- C256 H272 N16 Zr8 -,8,1
4066132,14.737,0.003,11.119,0.002,16.958,0.003,90,,102.43,0.03,90,,2713.6,0.9,200,2,200,2,4,C 1 2/c 1,-C 2yc,15,,,,- C32 H40 N2 Ti -,- C32 H40 N2 Ti -,- C128 H160 N8 Ti4 -,4,0.5
4066133,21.8043,0.0012,23.0575,0.0011,9.4585,0.0006,90,,114.17,0.004,90,,4338.4,0.4,200,2,200,2,4,C 1 2/c 1,-C 2yc,15,,,,- C51 H60 N4 Ti2 -,- C50 H52 N4 Ti2 -,- C200 H208 N16 Ti8 -,4,0.5
4066134,23.7318,0.0004,23.7318,0.0004,23.7318,0.0004,90,,90,,90,,13365.7,0.4,200,2,200,2,4,I -4 3 d,I -4bd 2c 3,220,,,,- C38 H45 N3 Ti2 -,- C37.8 H44.7 N3 Ti2 -,- C604.8 H715.2 N48 Ti32 -,16,0.333333
4066455,14.2011,0.0005,6.6487,0.0002,16.7868,0.0006,90,,97.411,0.002,90,,1571.75,0.09,223,2,223,2,4,C 1 2/c 1,-C 2yc,15,,,,- C16 H18 Cl2 Zr -,- C16 H18 Cl2 Zr -,- C64 H72 Cl8 Zr4 -,4,0.5
4066456,21.5459,0.0004,6.6692,0.0001,14.8521,0.0003,90,,126.245,0.001,90,,1721.19,0.06,223,2,223,2,4,C 1 2/c 1,-C 2yc,15,,,,- C18 H22 Cl2 Zr -,- C18 H22 Cl2 Zr -,- C72 H88 Cl8 Zr4 -,4,0.5
4066457,27.612,0.0007,6.6102,0.0002,12.0125,0.0003,90,,103.162,0.002,90,,2134.93,0.1,223,2,223,2,4,C 1 c 1,C -2yc,9,,,,- C22 H26 Cl2 Hf -,- C22 H26 Cl2 Hf -,- C88 H104 Cl8 Hf4 -,4,1
4066458,8.2449,0.0002,15.6556,0.0004,11.8931,0.0003,90,,90.727,0.001,90,,1535.02,0.07,223,2,223,2,4,P 1 21/n 1,-P 2yn,14,,,,- C16 H18 Cl2 Zr -,- C16 H18 Cl2 Zr -,- C64 H72 Cl8 Zr4 -,4,1
4066459,12.4775,0.0004,14.3156,0.0005,16.5925,0.0006,76.369,0.002,86.137,0.002,66.616,0.001,2642.61,0.16,223,2,223,2,4,P -1,-P 1,2,,,,- C18 H22 Cl2 Zr -,- C18 H22 Cl2 Zr -,- C108 H132 Cl12 Zr6 -,6,3
4066460,12.6867,0.0002,12.2749,0.0002,13.3417,0.0002,90,,117.529,0.001,90,,1842.44,0.05,223,2,223,2,4,P 1 21/c 1,-P 2ybc,14,,,,- C20 H22 Cl2 Zr -,- C20 H22 Cl2 Zr -,- C80 H88 Cl8 Zr4 -,4,1
4066461,12.6151,0.0002,12.3113,0.0002,13.3022,0.0002,90,,117.275,0.001,90,,1836.24,0.05,223,2,223,2,4,P 1 21/c 1,-P 2ybc,14,,,,- C20 H22 Cl2 Hf -,- C20 H22 Cl2 Hf -,- C80 H88 Cl8 Hf4 -,4,1
4066994,9.7385,0.001,15.5793,0.0016,16.2137,0.0016,90,,104.249,0.002,90,,2384.2,0.4,153,2,153,2,5,P 1 21/c 1,-P 2ybc,14,,,,- C23 H37 Cl Si U -,- C23 H37 Cl Si U -,- C92 H148 Cl4 Si4 U4 -,4,1
4066995,10.0722,0.0004,17.4433,0.0007,20.8522,0.0009,90,,102.281,0.0005,90,,3579.7,0.3,93,2,93,2,5,P 1 21/c 1,-P 2ybc,14,,,,- C39 H51 N3 S2 U -,- C39 H51 N3 S2 U -,- C156 H204 N12 S8 U4 -,4,1
4066996,17.855,0.002,10.7301,0.0014,17.385,0.002,90,,112.668,0.0016,90,,3073.4,0.6,93,2,93,2,4,P 1 21/c 1,-P 2ybc,14,,,,- C33 H48 N4 U -,- C33 H48 N4 U -,- C132 H192 N16 U4 -,4,1
4067229,15.5705,0.0007,13.2395,0.0006,26.4343,0.0012,90,,105.925,0.0005,90,,5240.2,0.4,93,2,93,2,5,C 1 2/c 1,-C 2yc,15,,,,- C56 H78 N4 O2 Y2 -,- C56 H78 N4 O2 Y2 -,- C224 H312 N16 O8 Y8 -,4,0.5
4067230,14.8358,0.0006,14.0396,0.0005,27.3264,0.001,90,,93.511,0.001,90,,5681.1,0.4,173,2,173,2,5,P 1 21/n 1,-P 2yn,14,,,,- C60 H86 N4 O2 Sm2 -,- C60 H86 N4 O2 Sm2 -,- C240 H344 N16 O8 Sm8 -,4,1
4067413,14.576,0.0004,6.6746,0.0002,14.2549,0.0004,90,,102.03,0.001,90,,1356.39,0.07,223,2,223,2,4,C 1 2/c 1,-C 2yc,15,,,,- C14 H14 Cl2 Zr -,- C14 H14 Cl2 Zr -,- C56 H56 Cl8 Zr4 -,4,0.5
4067414,9.0085,0.0001,12.1008,0.0002,12.0467,0.0002,90,,91.086,0.001,90,,1312.98,0.03,223,2,223,2,4,P 1 21/n 1,-P 2yn,14,,,,- C14 H14 Cl2 Zr -,- C14 H14 Cl2 Zr -,- C56 H56 Cl8 Zr4 -,4,1
4067415,8.4432,0.0003,14.5666,0.0007,14.9388,0.0008,90,,90,,90,,1837.3,0.15,223,2,223,2,4,P 21 21 21,P 2ac 2ab,19,,,,- C22 H18 Cl2 Zr -,- C22 H18 Cl2 Zr -,- C88 H72 Cl8 Zr4 -,4,1
4067416,5.8395,0.0003,24.4958,0.0011,14.0249,0.0007,90,,91.506,0.002,90,,2005.47,0.17,223,2,223,2,2,P 1 21/c 1,-P 2ybc,14,,,,- C13 H12 -,- C13 H12 -,- C104 H96 -,8,2
4067448,11.8168,0.0002,16.2924,0.0002,14.0456,0.0002,90,,102.25,0.001,90,,2642.55,0.07,223,2,223,2,4,P 1 21/c 1,-P 2ybc,14,,,,- C16 H19 Fe N -,- C16 H19 Fe N -,- C128 H152 Fe8 N8 -,8,2
4067449,9.6606,0.0002,9.9344,0.0002,17.6856,0.0005,99.129,0.001,101.936,0.001,109.757,0.001,1513.96,0.06,223,2,223,2,6,P -1,-P 1,2,,,,- C34 H19 B F15 Fe N -,- C34 H19 B F15 Fe N -,- C68 H38 B2 F30 Fe2 N2 -,2,1
4068016,18.609,0.004,12.831,0.003,17.548,0.004,90,,102.841,0.003,90,,4085.2,1.6,150,2,150,2,4,P 1 21/c 1,-P 2ybc,14,,,,- C44 H66 N2 Th -,- C44 H66 N2 Th -,- C176 H264 N8 Th4 -,4,1
4068017,10.1705,0.0018,17.003,0.002,19.449,0.003,90,,90,,90,,3363.3,0.9,113,2,113,2,4,P 21 21 21,P 2ac 2ab,19,,,,- C34 H58 F2 Th -,- C34 H58 F2 Th -,- C136 H232 F8 Th4 -,4,1
4068018,10.6319,0.0011,20.767,0.002,32.426,0.003,90,,98.698,0.001,90,,7077.1,1.2,113,2,113,2,4,P 1 21/c 1,-P 2ybc,14,,,,- C34 H58 Br2 Th -,- C34 H58 Br2 Th -,- C272 H464 Br16 Th8 -,8,2
4068019,10.729,0.0007,23.149,0.0014,21.7431,0.0011,90,,112.644,0.002,90,,4984,0.5,150,2,150,2,4,P 1 21/c 1,-P 2ybc,14,,,,- C59 H79 N Th -,- C59 H79 N Th -,- C236 H316 N4 Th4 -,4,1
4068020,10.2478,0.0019,19.685,0.004,20.358,0.004,90,,114.909,0.008,90,,3724.8,1.3,150,2,150,2,5,P 1 21/c 1,-P 2ybc,14,,,,- C37 H67 N Si Th -,- C37 H67 N Si Th -,- C148 H268 N4 Si4 Th4 -,4,1
4068021,10.456,0.001,30.093,0.004,17.748,0.002,90,,123.453,0.005,90,,4659.3,1,150,2,150,2,6,P 1 21/c 1,-P 2ybc,14,,,,- C49 H60 N2 O Se3 Th -,- C49 H60 N2 O Se3 Th -,- C196 H240 N8 O4 Se12 Th4 -,4,1
4068022,21.603,0.003,9.0336,0.0014,15.862,0.002,90,,105.185,0.003,90,,2987.4,0.7,150,2,150,2,2,P 1 21/c 1,-P 2ybc,14,,,,- C34 H58 -,- C34 H58 -,- C136 H232 -,4,1
4068576,15.75,0.003,9.6744,0.0019,15.032,0.003,90,,121.43,0.03,90,,1954.4,0.9,200,2,200,2,4,C 1 2 1,C 2y,5,,,,- C38 H64 Si2 Ti -,- C38 H64 Si2 Ti -,- C76 H128 Si4 Ti2 -,2,0.5
4068577,15.934,0.003,9.902,0.002,14.921,0.003,90,,120.52,0.03,90,,2028,0.9,293,2,293,2,4,C 1 2 1,C 2y,5,,,,- C38 H64 Si2 Zr -,- C38 H64 Si2 Zr -,- C76 H128 Si4 Zr2 -,2,0.5
4068578,10.723,0.002,13.155,0.003,11.469,0.002,90,,100.74,0.03,90,,1589.5,0.6,200,2,200,2,3,P 1 21 1,P 2yb,4,,,,- C34 H54 Zr -,- C34 H54 Zr -,- C68 H108 Zr2 -,2,1
4069048,12.9826,0.0002,13.6178,0.0003,15.4017,0.0005,81.2257,0.0008,68.2423,0.001,64.6175,0.0013,2284.76,0.1,115,2,115,2,4,P -1,-P 1,2,,,,- C54 H53 Fe P3 -,- C54 H53 Fe P3 -,- C108 H106 Fe2 P6 -,2,1
4069778,17.307,0.001,9.958,0.001,17.545,0.001,90,,101.39,0.01,90,,2964.2,0.4,223,2,223,2,5,P 1 21/c 1,-P 2ybc,14,,,,- C30 H46 Li N O3 -,- C30 H46 Li N O3 -,- C120 H184 Li4 N4 O12 -,4,1
4069779,8.657,0.001,8.942,0.001,14.169,0.001,82.22,0.01,88.91,0.01,66.88,0.01,998.76,0.19,223,2,223,2,4,P -1,-P 1,2,,,,- C21 H31 N Si -,- C21 H31 N Si -,- C42 H62 N2 Si2 -,2,1
4069780,8.5993,0.0002,17.291,0.0005,10.7919,0.0003,90,,100.022,0.002,90,,1580.17,0.07,223,2,223,2,3,P 1 21/c 1,-P 2ybc,14,,,,- C18 H23 N -,- C18 H23 N -,- C72 H92 N4 -,4,1
4069781,8.8885,0.0001,13.7423,0.0002,16.0742,0.0003,75.012,0.001,76.547,0.001,89.272,0.002,1842.25,0.05,223,2,223,2,4,P -1,-P 1,2,,,,- C40 H56 N4 Zr -,- C40 H56 N4 Zr -,- C80 H112 N8 Zr2 -,2,1
4069782,20.3145,0.0003,10.6737,0.0002,21.4606,0.0004,90,,100.071,0.001,90,,4581.62,0.14,223,2,223,2,4,P 1 21/c 1,-P 2ybc,14,,,,- C50 H68 N4 Zr -,- C50 H68 N4 Zr -,- C200 H272 N16 Zr4 -,4,1
4069783,11.62,0.001,12.127,0.001,31.003,0.001,90,,90,,90,,4368.8,0.5,223,2,223,2,4,P 21 21 21,P 2ac 2ab,19,,,,- C50 H58 N2 Zr -,- C50 H58 N2 Zr -,- C200 H232 N8 Zr4 -,4,1
4069784,13.6288,0.0002,17.8192,0.0003,14.1609,0.0002,90,,91.922,0.001,90,,3437.1,0.09,223,2,223,2,5,P 1 21/c 1,-P 2ybc,14,,,,- C36 H48 Cl2 N2 Zr -,- C36 H48 Cl2 N2 Zr -,- C144 H192 Cl8 N8 Zr4 -,4,1
4069992,10.664,0.0011,16.4352,0.0014,17.6664,0.0018,62.451,0.003,87.494,0.003,82.083,0.003,2718.4,0.5,100,2,100,2,7,P -1,-P 1,2,,,,- C63 H46 B Cl6 N O3 Si2 -,- C63 H46 B Cl6 N O3 Si2 -,- C126 H92 B2 Cl12 N2 O6 Si4 -,2,1
4069993,9.2751,0.0005,14.5541,0.0009,17.5849,0.0009,84.348,0.003,87.623,0.003,86.025,0.003,2355.1,0.2,100,2,100,2,5,P -1,-P 1,2,,,,- C61 H45 N O2 Si2 -,- C61 H45 N O2 Si2 -,- C122 H90 N2 O4 Si4 -,2,1
4069994,15.208,0.0005,12.2549,0.0004,15.6961,0.0005,90,,112.536,0.002,90,,2701.94,0.16,100,2,100,2,6,P 1 21 1,P 2yb,4,,,,- C62 H46 Cl6 O2 S Si2 -,- C62 H46 Cl6 O2 S Si2 -,- C124 H92 Cl12 O4 S2 Si4 -,2,1
4069995,14.4456,0.0009,27.1008,0.0014,18.8544,0.0011,90,,107.695,0.003,90,,7032,0.7,100,2,100,2,6,P 1 21/c 1,-P 2ybc,14,,,,- C89 H73 N O2 Si2 Ti -,- C89 H73 N O2 Si2 Ti -,- C356 H292 N4 O8 Si8 Ti4 -,4,1
4069996,17.1895,0.0008,17.1895,,14.7265,0.0009,90,,90,,90,,4351.4,0.3,100,2,100,2,6,P 41 21 2,P 4abw 2nw,92,,,,- C51 H57 N O2 Si2 Ti -,- C51 H57 N O2 Si2 Ti -,- C204 H228 N4 O8 Si8 Ti4 -,4,0.5
4069997,12.881,0.003,11.707,0.003,30.696,0.007,90,,100.641,0.012,90,,4549.3,1.9,100,2,100,2,6,P 1 21/n 1,-P 2yn,14,,,,- C51 H57 N O2 Si2 Zr -,- C51 H57 N O2 Si2 Zr -,- C204 H228 N4 O8 Si8 Zr4 -,4,1
4069998,14.3381,0.0006,27.0836,0.0012,19.047,0.0008,90,,108.943,0.002,90,,6995.9,0.5,100,2,100,2,6,P 1 21/c 1,-P 2ybc,14,,,,- C88 H71 Hf N O2 Si2 -,- C88 H71 Hf N O2 Si2 -,- C352 H284 Hf4 N4 O8 Si8 -,4,1
4069999,15.1981,0.0012,15.6944,0.0015,18.1293,0.0017,64.566,0.005,72.054,0.005,67.689,0.005,3557.9,0.6,100,2,100,2,6,P -1,-P 1,2,,,,- C85 H80 Hf N4 O2 Si2 -,- C85 H80 Hf N4 O2 Si2 -,- C170 H160 Hf2 N8 O4 Si4 -,2,1
4070123,18.6588,0.0018,14.663,0.0014,9.254,0.0009,90,,90,,90,,2531.8,0.4,153,2,153,2,4,P n m a,-P 2ac 2n,62,,,,- C25 H42 Si2 U -,- C25 H42 Si2 U -,- C100 H168 Si8 U4 -,4,0.5
4070317,14.3915,0.0001,18.0601,0.0001,17.2583,0.0001,90,,90,,90,,4485.64,0.05,173,1,173,1,4,P b c a,-P 2ac 2ab,61,,,,- C18 H39 Al2 Y -,- C18 H39 Al2 Y -,- C144 H312 Al16 Y8 -,8,1
4070318,17.1263,0.0009,14.3338,0.0008,18.0172,0.0009,90,,90,,90,,4423,0.4,153,2,153,2,4,P b c a,-P 2ac 2ab,61,,,,- C18 H39 Ga2 Y -,- C18 H39 Ga2 Y -,- C144 H312 Ga16 Y8 -,8,1
4070319,10.4447,0.0004,17.4548,0.0007,14.1693,0.0006,90,,92.825,0.001,90,,2580.07,0.18,123,2,123,2,4,P 1 21/n 1,-P 2yn,14,,,,- C48 H84 Al2 La2 -,- C48 H84 Al2 La2 -,- C96 H168 Al4 La4 -,2,0.5
4070320,11.2689,0.0001,12.863,0.0001,15.3727,0.0002,107.163,0.0004,100.728,0.0004,111.145,0.0004,1875.63,0.03,173,1,173,1,4,P -1,-P 1,2,,,,- C76 H116 Al2 La2 -,- C76 H116 Al2 La2 -,- C76 H116 Al2 La2 -,1,0.5
4070321,12.2152,0.0006,13.9753,0.0006,18.9397,0.0009,103.42,0.001,105.644,0.001,90.633,0.001,3019.1,0.2,103,2,103,2,4,P -1,-P 1,2,,,,- C62 H100 Ga2 Y2 -,- C62 H100 Ga2 Y2 -,- C124 H200 Ga4 Y4 -,2,1
4070322,11.3547,0.0007,14.6451,0.0009,14.991,0.001,96.321,0.001,90.709,0.001,91.209,0.001,2476.9,0.3,123,2,123,2,4,P -1,-P 1,2,,,,- C24 H42 Ga La -,- C24 H42 Ga La -,- C96 H168 Ga4 La4 -,4,2
4071209,38.848,0.009,9.3737,0.0019,29.955,0.011,90,,123.61,0.02,90,,9085,5,100,2,100,2,4,C 1 2/c 1,-C 2yc,15,,,,- C32 H66 Si8 Zr -,- C32 H66 Si8 Zr -,- C256 H528 Si64 Zr8 -,8,1
4071210,11.335,0.004,10.597,0.003,12.796,0.004,90,,94.356,0.005,90,,1532.6,0.8,100,2,100,2,4,P 1 21 1,P 2yb,4,,,,- C27 H42 Si4 Ti -,- C27 H42 Si4 Ti -,- C54 H84 Si8 Ti2 -,2,1
4071211,17.927,0.004,11.581,0.002,17.288,0.003,90,,118.57,0.03,90,,3152.2,1.4,100,2,100,2,5,P 1 21/c 1,-P 2ybc,14,,,,- C24 H47 P Si4 Zr -,- C24 H47 P Si4 Zr -,- C96 H188 P4 Si16 Zr4 -,4,1
4071212,16.088,0.003,10.731,0.002,17.823,0.004,90,,105.34,0.03,90,,2967.3,1.1,100,2,100,2,4,P 1 21/n 1,-P 2yn,14,,,,- C54 H84 Si8 Zr2 -,- C54 H84 Si8 Zr2 -,- C108 H168 Si16 Zr4 -,2,0.5
4071213,18.106,0.004,10.444,0.002,15.295,0.003,90,,98.92,0.03,90,,2857.3,1,100,2,100,2,5,P 1 21/c 1,-P 2ybc,14,,,,- C23 H43 P Si3 Zr -,- C23 H43 P Si3 Zr -,- C92 H172 P4 Si12 Zr4 -,4,1
4071214,18.106,0.004,10.445,0.002,15.257,0.003,90,,99.06,0.03,90,,2849.4,1,100,2,100,2,5,P 1 21/c 1,-P 2ybc,14,,,,- C23 H43 Hf P Si3 -,- C23 H43 Hf P Si3 -,- C92 H172 Hf4 P4 Si12 -,4,1
4071215,17.472,0.004,22.229,0.004,12.832,0.003,90,,90,,90,,4983.8,1.9,100,2,100,2,4,P c c n,-P 2ab 2ac,56,,,,- C26 H36 Hf2 P2 -,- C26 H36 Hf2 P2 -,- C208 H288 Hf16 P16 -,8,1
4071216,19.608,0.004,11.116,0.002,19.047,0.004,90,,97.32,0.03,90,,4117.7,1.4,100,2,100,2,4,C 1 2/c 1,-C 2yc,15,,,,- C42 H56 Si4 Zr -,- C42 H56 Si4 Zr -,- C168 H224 Si16 Zr4 -,4,0.5
4071217,20.769,0.004,11.323,0.002,15.923,0.003,90,,103.04,0.03,90,,3648,1.3,100,2,100,2,4,C 1 2/c 1,-C 2yc,15,,,,- C36 H50 Hf Si4 -,- C36 H50 Hf Si4 -,- C144 H200 Hf4 Si16 -,4,0.5
4071218,9.3013,0.0019,31,0.006,11.056,0.002,90,,108.86,0.03,90,,3016.7,1.1,100,2,100,2,4,P 1 21/c 1,-P 2ybc,14,,,,- C32 H38 Si3 Ti -,- C32 H38 Si3 Ti -,- C128 H152 Si12 Ti4 -,4,1
4071219,19.039,0.004,9.6121,0.0019,30.102,0.006,90,,93.73,0.03,90,,5497.1,1.9,100,2,100,2,4,P 1 21/c 1,-P 2ybc,14,,,,- C54 H66 Si6 Zr -,- C54 H66 Si6 Zr -,- C216 H264 Si24 Zr4 -,4,1
4071220,9.2332,0.0018,31.118,0.006,11.252,0.002,90,,109.38,0.03,90,,3049.7,1.1,100,2,100,2,4,P 1 21/c 1,-P 2ybc,14,,,,- C32 H38 Si3 Zr -,- C32 H38 Si3 Zr -,- C128 H152 Si12 Zr4 -,4,1
4071221,28.738,0.006,16.791,0.006,9.5167,0.0019,90,,90,,90,,4592,2,100,2,100,2,4,A m a 2,A 2 -2a,40,,,,- C32 H64 Si8 Zr -,- C32 H64 Si8 Zr -,- C128 H256 Si32 Zr4 -,4,0.5
4071222,8.7389,0.0017,9.4834,0.0019,13.512,0.003,97.87,0.03,92.04,0.03,117.03,0.03,982,0.5,200,2,200,2,4,P -1,-P 1,2,,,,- C22 H56 I2 Si8 -,- C22 H56 I2 Si8 -,- C22 H56 I2 Si8 -,1,0.5
4072050,20.064,0.001,10.051,0.002,12.233,0.003,90,,90,,90,,2466.9,0.8,100,1,100,1,3,P n a 21,P 2c -2n,33,,,,- C29 H37 La -,- C29 H37 La -,- C116 H148 La4 -,4,1
4072051,8.7176,0.0004,9.651,0.0004,18.4634,0.0009,78.405,0.001,87.337,0.001,72.103,0.001,1447.86,0.11,100,1,100,1,4,P -1,-P 1,2,,,,- C34 H42 La N -,- C34 H42 La N -,- C68 H84 La2 N2 -,2,1
4072052,16.4646,0.0009,10.5009,0.0006,14.7315,0.0008,90,,90,,90,,2547,0.2,100,1,100,1,3,P c a 21,P 2c -2ac,29,,,,- C29 H37 Y -,- C29 H37 Y -,- C116 H148 Y4 -,4,1
4072127,18.4222,0.0017,23.949,0.002,18.8965,0.0018,90,,101.982,0.002,90,,8155.4,1.3,100,2,100,2,5,P 1 21/n 1,-P 2yn,14,,,,- C39 H67 N3 O3 Zr -,- C39 H67 N3 O3 Zr -,- C312 H536 N24 O24 Zr8 -,8,2
4072132,11.036,0.0005,11.7476,0.0006,11.8519,0.0007,83.696,0.005,67.575,0.004,83.281,0.004,1407.05,0.13,293,2,293,2,4,P 1,P 1,1,,,,- C60 H92 Cl2 Ti2 -,- C60 H92 Cl2 Ti2 -,- C60 H92 Cl2 Ti2 -,1,1
4072133,15.502,0.002,15.502,0.002,5.8576,0.0012,90,,90,,90,,1407.7,0.4,200,2,200,2,4,P 42,P 4c,77,,,,- C30 H46 F2 Zr -,- C30 H46 F2 Zr -,- C60 H92 F4 Zr2 -,2,0.5
4072134,13.362,0.003,25.112,0.005,6.5155,0.0013,90,,90,,90,,2186.3,0.8,200,2,200,2,4,P 21 21 2,P 2 2ab,18,,,,- C42 H54 Cl2 Zr -,- C42 H54 Cl2 Zr -,- C84 H108 Cl4 Zr2 -,2,0.5
4072135,15.3372,0.001,15.3372,0.001,6.4757,0.0004,90,,90,,90,,1523.28,0.17,200,2,200,2,4,P 42,P 4c,77,,,,- C30 H46 Cl2 Hf -,- C30 H46 Cl2 Hf -,- C60 H92 Cl4 Hf2 -,2,0.5
4072136,15.3556,0.0015,15.3556,0.0015,5.7986,0.0006,90,,90,,90,,1367.3,0.2,200,2,200,2,4,P 42,P 4c,77,,,,- C30 H46 F2 Ti -,- C30 H46 F2 Ti -,- C60 H92 F4 Ti2 -,2,0.5
4072137,15.4892,0.0005,15.4892,0.0005,5.86566,0.00019,90,,90,,90,,1407.26,0.08,200,2,200,2,4,P 42,P 4c,77,,,,- C30 H46 F2 Hf -,- C30 H46 F2 Hf -,- C60 H92 F4 Hf2 -,2,0.5
4072151,8.5406,0.0016,16.293,0.003,15.827,0.003,90,,98.717,0.002,90,,2176.9,0.7,120,1,120,1,4,P 1 21/n 1,-P 2yn,14,,,,- C20 H30 I2 U -,- C20 H30 I2 U -,- C80 H120 I8 U4 -,4,1
4072152,9.76,0.002,17.856,0.004,18.371,0.004,95.73,0.03,100.47,0.03,93.31,0.03,3123.1,1.2,141,2,141,2,6,P -1,-P 1,2,,,,- C22.5 H51.5 I N Si2 U -,- C27.5 H51.5 I N Si2 U -,- C110 H206 I4 N4 Si8 U4 -,4,2
4072153,16.5602,0.0017,18.6484,0.0019,19.595,0.002,90,,90,,90,,6051.4,1.1,120,1,120,1,5,P 21 21 21,P 2ac 2ab,19,,,,- C32 H47 I O U -,- C32 H47 I O U -,- C256 H376 I8 O8 U8 -,8,2
4072154,8.753,0.003,15.573,0.005,11.017,0.003,90,,110.86,,90,,1403.3,0.8,120,1,120,1,5,P 1 21/m 1,-P 2yb,11,,,,- C26 H48 N Si2 U -,- C26 H47 N Si2 U -,- C52 H94 N2 Si4 U2 -,2,0.5
4072155,9.2465,0.0009,10.885,0.0011,13.7791,0.0014,86.5926,0.0014,80.0815,0.0014,80.0828,0.0015,1345.1,0.2,120,1,120,1,4,P -1,-P 1,2,,,,- C32 H44 N U -,- C32 H39 N U -,- C64 H78 N2 U2 -,2,1
4072456,15.29,0.003,9.2867,0.0015,23.385,0.004,90,,103.103,0.002,90,,3234.1,1,110,2,110,2,4,P 1 21/c 1,-P 2ybc,14,,,,- C37 H46 Cl2 Hf -,- C37 H46 Cl2 Hf -,- C148 H184 Cl8 Hf4 -,4,1
4072457,15.275,0.003,9.2653,0.0013,23.356,0.004,90,,103.343,0.008,90,,3216.3,1,100,2,100,2,4,P 1 21/c 1,-P 2ybc,14,,,,- C37 H46 Cl2 Zr -,- C37 H46 Cl2 Zr -,- C148 H184 Cl8 Zr4 -,4,1
4072458,29.775,0.005,15.007,0.002,7.3342,0.0012,90,,90,,90,,3277.2,0.9,110,2,110,2,3,P n a 21,P 2c -2n,33,,,,- C39 H52 Hf -,- C39 H52 Hf -,- C156 H208 Hf4 -,4,1
4072459,29.75,0.006,14.98,0.003,7.3554,0.0017,90,,90,,90,,3278,1.2,110,2,110,2,3,P n a 21,P 2c -2n,33,,,,- C39 H52 Zr -,- C39 H52 Zr -,- C156 H208 Zr4 -,4,1
4072460,16.6127,0.0015,11.2422,0.001,23.855,0.002,90,,105.807,0.002,90,,4286.8,0.7,110,2,110,2,4,P 1 21/c 1,-P 2ybc,14,,,,- C52 H62 Cl2 Zr -,- C52 H62 Cl2 Zr -,- C208 H248 Cl8 Zr4 -,4,1
4072461,26.234,0.007,16.479,0.005,6.3671,0.0018,90,,90,,90,,2752.6,1.4,110,2,110,2,4,P n a 21,P 2c -2n,33,,,,- C32 H37 Mn O3 -,- C32 H37 Mn O3 -,- C128 H148 Mn4 O12 -,4,1
4072462,5.7601,0.0015,16.182,0.004,24.356,0.006,90,,92.95,0.004,90,,2267.2,1,110,2,110,2,2,P 1 21/c 1,-P 2ybc,14,,,,- C29 H38 -,- C29 H38 -,- C116 H152 -,4,1
4073279,10.275,0.002,11.594,0.002,16.695,0.003,90,,95.21,0.03,90,,1980.6,0.6,200,2,200,2,4,P 1 21/n 1,-P 2yn,14,,,,- C24 H32 O Zr -,- C24 H32 O Zr -,- C96 H128 O4 Zr4 -,4,1
4073280,14.435,0.003,17.642,0.004,14.496,0.003,90,,103.01,0.03,90,,3596.8,1.4,200,2,200,2,4,P 1 21/n 1,-P 2yn,14,,,,- C21.5 H27.5 Cl Ti -,- C21.5 H27.5 Cl Ti -,- C172 H220 Cl8 Ti8 -,8,2
4074127,9.361,0.001,19.117,0.001,34.323,0.001,90,,95.72,0.01,90,,6111.7,0.8,198,2,198,2,3,P 1 21/n 1,-P 2yn,14,,,,- C26 H28 Zr -,- C26 H28 Zr -,- C312 H336 Zr12 -,12,3
4074128,14.611,0.001,9.583,0.001,18.948,0.001,90,,90.62,0.01,90,,2652.9,0.4,198,2,198,2,3,P 1 21/c 1,-P 2ybc,14,,,,- C36 H32 Zr -,- C36 H32 Zr -,- C144 H128 Zr4 -,4,1
4074129,16.358,0.001,19.86,0.001,16.023,0.001,90,,93.6,0.01,90,,5195.1,0.5,198,2,198,2,4,P 1 21/c 1,-P 2ybc,14,,,,- C31 H37 N Zr -,- C31 H37 N Zr -,- C248 H296 N8 Zr8 -,8,2
4074130,18.133,0.001,18.133,0.001,15.654,0.001,90,,90,,120,,4457.5,0.4,198,2,198,2,5,P -3,-P 3,147,,,,- C38.33 H35.33 N0.22 O Zr -,- C38.34 H35.35 N0.223333 O Zr -,- C230.04 H212.1 N1.34 O6 Zr6 -,6,1
4074601,16.7957,0.0013,7.112,0.0005,12.4481,0.0009,90,,109.797,0.002,90,,1399.06,0.18,100,2,100,2,5,P 1 21/c 1,-P 2ybc,14,,,,- C12 H12 Cl3 P Ti -,- C12 H12 Cl3 P Ti -,- C48 H48 Cl12 P4 Ti4 -,4,1
4074602,6.7877,0.0009,6.9647,0.0009,12.9311,0.0017,102.39,0.002,92.824,0.002,109.062,0.002,559.6,0.13,218,2,218,2,5,P -1,-P 1,2,,,,- C8 H10 Cl3 P Ti -,- C8 H10 Cl3 P Ti -,- C16 H20 Cl6 P2 Ti2 -,2,1
4074733,9.286,0.003,17.711,0.006,17.903,0.006,61.037,0.014,81.471,0.014,78.713,0.015,2521.4,1.5,98,,98,,4,P -1,-P 1,2,,,,- C27.22 H29.22 Cl2 Zr -,- C27.224 H29.224 Cl2 Zr -,- C108.896 H116.896 Cl8 Zr4 -,4,2
4075420,12.264,0.001,16.982,0.001,25.395,0.001,90,,90,,90,,5288.9,0.6,198,2,198,2,5,P c c n,-P 2ab 2ac,56,,,,- C64 H64 Cl2 O2 Zr2 -,- C64 H64 Cl2 O2 Zr2 -,- C256 H256 Cl8 O8 Zr8 -,4,0.5
4075421,11.92,0.001,13.579,0.001,13.236,0.001,90,,101.85,0.01,90,,2096.7,0.3,198,2,198,2,4,P 1 21/n 1,-P 2yn,14,,,,- C22 H26 Cl2 Zr -,- C22 H26 Cl2 Zr -,- C88 H104 Cl8 Zr4 -,4,1
4075815,9.111,0.0007,9.5138,0.0009,14.4104,0.0011,103.118,0.004,98.306,0.004,110.229,0.004,1106.98,0.17,110,1,110,1,5,P -1,-P 1,2,,,,- C24 H32 Hf N2 O -,- C24 H32 Hf N2 O -,- C48 H64 Hf2 N4 O2 -,2,1
4076390,13.4,0.003,15.493,0.002,14.738,0.002,90,,110.416,0.012,90,,2867.5,0.9,200,2,200,2,6,P 1 21/c 1,-P 2ybc,14,,,,- C19.5 H33 Cl2 O2.5 Si4 Zr -,- C18 H30 Cl2 O2 Si4 Zr -,- C72 H120 Cl8 O8 Si16 Zr4 -,4,1
4077093,27.1938,0.0013,12.3954,0.0006,24.2842,0.0011,90,,105.133,0.001,90,,7901.8,0.6,203,2,203,2,6,P 1 21/c 1,-P 2ybc,14,,,,- C48 H75.33 F6 O6 S2 U2 -,- C48 H75.3333 F6 O6 S2 U2 -,- C288 H452 F36 O36 S12 U12 -,6,1.5
4077094,14.1153,0.0008,9.1914,0.0006,24.6864,0.0015,90,,104.046,0.001,90,,3107,0.3,203,2,203,2,5,P 1 21/c 1,-P 2ybc,14,,,,- C34 H43 Cl N2 U -,- C34 H43 Cl N2 U -,- C136 H172 Cl4 N8 U4 -,4,1
4077095,13.1069,0.001,11.9922,0.0008,10.954,0.0008,90,,90,,90,,1721.8,0.2,203,2,203,2,7,P m n 21,P 2ac -2,31,,,,- C35 H43 F3 N2 O3 S U -,- C37 F3 N2 O3 S U -,- C74 F6 N4 O6 S2 U2 -,2,0.5
4077675,10.5712,0.0017,15.2271,0.0016,15.605,0.003,79.574,0.012,74.864,0.017,71.81,0.01,2290,0.7,294,,294,,5,P -1,-P 1,2,,,,- C50.75 H38 Cl3.5 Fe2 Ti -,- C50.75 H38 Cl3.5 Fe2 Ti -,- C101.5 H76 Cl7 Fe4 Ti2 -,2,1
4078357,11.374,0.005,11.374,0.005,18.75,0.005,90,,90,,90,,2425.6,1.6,223,2,223,2,5,P 41 21 2,P 4abw 2nw,92,,,,- C24 H32 Fe N2 O6 -,- C24 H32 Fe N2 O6 -,- C96 H128 Fe4 N8 O24 -,4,0.5
4078358,10.084,0.002,11.182,0.002,14.364,0.003,90,,92.2,0.02,90,,1618.5,0.5,223,2,223,2,5,P 1 21 1,P 2yb,4,,,,- C17 H21 Fe N O3 -,- C17 H21 Fe N O3 -,- C68 H84 Fe4 N4 O12 -,4,2
4079447,16.6441,0.0006,17.5923,0.0006,16.9473,0.0006,90,,109.863,0.0004,90,,4667.1,0.3,88,2,88,2,3,P 1 21/c 1,-P 2ybc,14,,,,- C26 H40 U -,- C26 H40 U -,- C208 H320 U8 -,8,2
4079448,8.459,0.0008,17.0606,0.0016,16.0282,0.0015,90,,101.371,0.001,90,,2267.7,0.4,143,2,143,2,4,P 1 21/n 1,-P 2yn,14,,,,- C24 H37 Cl U -,- C24 H37 Cl U -,- C96 H148 Cl4 U4 -,4,1
4079449,8.4244,0.0005,20.0795,0.0012,15.6383,0.001,90,,97.9538,0.0006,90,,2619.9,0.3,143,2,143,2,4,P 1 21/n 1,-P 2yn,14,,,,- C28 H40 O4 U -,- C28 H40 O4 U -,- C112 H160 O16 U4 -,4,1
4079450,16.4323,0.0008,14.4904,0.0007,21.0299,0.001,90,,97.6487,0.0005,90,,4962.9,0.4,88,2,88,2,3,C 1 2/c 1,-C 2yc,15,,,,- C28 H44 U -,- C28 H44 U -,- C224 H352 U8 -,8,1
4080665,9.5714,0.0003,6.864,0.0002,9.3036,0.0003,90,,90,,90,,611.23,0.03,297,2,297,2,6,P m n m :2,-P 2c 2a,59,,,,- C10 H10 B Cl2 F4 Mo -,- C10 H10 B Cl2 F4 Mo -,- C20 H20 B2 Cl4 F8 Mo2 -,2,0.25
4080666,13.274,0.0005,13.0986,0.0004,12.0574,0.0005,90,,107.013,0.004,90,,2004.69,0.13,297,2,297,2,4,P 1 21/c 1,-P 2ybc,14,,,,- C10 H10 Cl2 Mo -,- C10 H10 Cl2 Mo -,- C80 H80 Cl16 Mo8 -,8,2
4080712,8.3847,0.0004,22.048,0.001,29.1904,0.0013,90,,90,,90,,5396.3,0.4,83,2,83,2,4,P b c a,-P 2ac 2ab,61,,,,- C24 H39 La Si3 -,- C24 H39 La Si3 -,- C192 H312 La8 Si24 -,8,1
4080713,12.7444,0.0007,13.6852,0.0007,16.2057,0.0008,93.4058,0.0006,94.5966,0.0006,106.67,0.0006,2688.9,0.2,143,2,143,2,5,P -1,-P 1,2,,,,- C25 H39 La O Si2 -,- C25 H39 La O Si2 -,- C100 H156 La4 O4 Si8 -,4,2
4080714,25.766,0.002,13.5773,0.0011,17.9154,0.0015,90,,90,,90,,6267.4,0.9,143,2,143,2,5,P n a 21,P 2c -2n,33,,,,- C28 H47 La O Si3 -,- C28 H47 La O Si3 -,- C224 H376 La8 O8 Si24 -,8,2
4080715,8.1546,0.0004,22.3062,0.0011,28.6176,0.0014,90,,90,,90,,5205.5,0.4,83,2,83,2,4,P b c a,-P 2ac 2ab,61,,,,- C24 H39 Lu Si3 -,- C24 H39 Lu Si3 -,- C192 H312 Lu8 Si24 -,8,1
4080716,10.7315,0.0006,12.7032,0.0007,17.8457,0.001,101.1,0.0006,99.6938,0.0006,107.192,0.0005,2213.8,0.2,143,2,143,2,4,P -1,-P 1,2,,,,- C82 H130 Lu4 Si8 -,- C82 H130 Lu4 Si8 -,- C82 H130 Lu4 Si8 -,1,0.5
4080717,13.8245,0.0008,19.0919,0.0012,19.5594,0.0012,87.268,0.0007,76.6168,0.0007,78.7567,0.0007,4925.8,0.5,143,2,143,2,6,P -1,-P 1,2,,,,- C52 H70 B Lu O3 Si2 -,- C52 H70 B Lu O3 Si2 -,- C208 H280 B4 Lu4 O12 Si8 -,4,2
4081303,8.8131,0.0004,14.2385,0.0006,16.0147,0.0006,106.657,0.0005,98.8404,0.0005,90.4651,0.0005,1899.52,0.14,83,2,83,2,3,P -1,-P 1,2,,,,- C22 H30 U -,- C22 H30 U -,- C88 H120 U4 -,4,2
4081304,31.339,0.002,31.339,0.002,10.992,0.0008,90,,90,,120,,9349.3,1.1,143,2,143,2,4,R -3 :H,-R 3,148,,,,- C132 H186 O18 U6 -,- C132 H186 O18 U6 -,- C396 H558 O54 U18 -,3,0.166667
4081305,9.78,0.0005,15.6266,0.0009,15.0373,0.0008,90,,102.854,0.0006,90,,2240.5,0.2,83,2,83,2,4,P 1 21/n 1,-P 2yn,14,,,,- C48 H70 O4 U2 -,- C48 H70 O4 U2 -,- C96 H140 O8 U4 -,2,0.5
4084095,11.4639,0.0003,15.1728,0.0003,15.9971,0.0004,90,,94.946,0.001,90,,2772.17,0.11,150,2,150,2,5,P 1 21/c 1,-P 2ybc,14,,,,- C29 H35 Cl3 Fe Ru -,- C29 H35 Cl3 Fe Ru -,- C116 H140 Cl12 Fe4 Ru4 -,4,1
4084096,7.3581,0.0002,9.2401,0.0002,39.8452,0.001,90,,95.061,0.001,90,,2698.5,0.12,150,2,150,2,5,P 1 21/n 1,-P 2yn,14,,,,- C29 H33 Cl3 Fe Ru -,- C29 H33 Cl3 Fe Ru -,- C116 H132 Cl12 Fe4 Ru4 -,4,1
4084097,17.4315,0.0003,10.9696,0.0002,14.0181,0.0003,90,,108.43,0.001,90,,2543.01,0.09,150,2,150,2,7,P 1 21/c 1,-P 2ybc,14,,,,- C24 H20 Cl3 F6 Fe P Ru -,- C24 H20 Cl3 F6 Fe P Ru -,- C96 H80 Cl12 F24 Fe4 P4 Ru4 -,4,1
4084098,7.3536,0.0003,9.157,0.0004,20.1027,0.0008,90,,94.364,0.002,90,,1349.73,0.1,150,2,150,2,5,P 1 21/m 1,-P 2yb,11,,,,- C29 H31 Cl3 Fe Ru -,- C29 H31 Cl3 Fe Ru -,- C58 H62 Cl6 Fe2 Ru2 -,2,0.5
4084099,13.8536,0.0005,17.802,0.0005,18.9458,0.0005,66.076,0.001,76.642,0.001,89.891,0.001,4133.3,0.2,150,2,150,2,8,P -1,-P 1,2,,,,- C44 H37 Cl3 F6 Fe2 N P Ru -,- C44 H37 Cl3 F6 Fe2 N P Ru -,- C176 H148 Cl12 F24 Fe8 N4 P4 Ru4 -,4,2
4088225,8.4285,0.0013,10.3929,0.0016,17.363,0.003,94.9062,0.0018,95.2116,0.0018,111.159,0.0017,1401,0.4,88,2,88,2,6,P -1,-P 1,2,,,,- C29 H42 Cl N O2 U -,- C29 H42 Cl N O2 U -,- C58 H84 Cl2 N2 O4 U2 -,2,1
4088226,11.361,0.0007,11.5361,0.0007,17.3158,0.001,79.0585,0.0006,89.4727,0.0006,66.6659,0.0006,2040.5,0.2,143,2,143,2,5,P -1,-P 1,2,,,,- C39.5 H70 Cl3 N U -,- C39.5 H70 Cl3 N U -,- C79 H140 Cl6 N2 U2 -,2,1
4088227,18.9445,0.001,16.9108,0.0009,19.7306,0.001,90,,90,,90,,6321,0.6,143,2,143,2,4,P b c a,-P 2ac 2ab,61,,,,- C31 H51 N9 U -,- C31 H51 N9 U -,- C248 H408 N72 U8 -,8,1
4088228,22.7263,0.0018,12.3259,0.001,25.706,0.002,90,,97.0365,0.001,90,,7146.6,1,143,2,143,2,5,P 1 21/n 1,-P 2yn,14,,,,- C34 H62 Cl2 N U -,- C34 H62 Cl2 N U -,- C272 H496 Cl16 N8 U8 -,8,2
4088229,21.0303,0.0012,16.6868,0.001,17.6872,0.001,90,,103.962,0.0007,90,,6023.6,0.6,143,2,143,2,6,C 1 2/c 1,-C 2yc,15,,,,- C52 H102 Cl6 N2 O U2 -,- C52 H102 Cl6 N2 O U2 -,- C208 H408 Cl24 N8 O4 U8 -,4,0.5
4088230,11.2214,0.0005,11.7908,0.0005,17.7903,0.0008,77.9253,0.0005,88.4904,0.0005,65.5842,0.0005,2091.12,0.16,88,2,88,2,6,P -1,-P 1,2,,,,- C39.5 H70 Cl2 N2 O3 U -,- C39.5 H70 Cl2 N2 O3 U -,- C79 H140 Cl4 N4 O6 U2 -,2,1
4089455,22.398,,12.412,,38.241,,90,,106.45,,90,,10196,,120,2,120,2,4,P 1 21/n 1,-P 2yn,14,Ph4Cp2ZrCl2,bis tetraphenylCp Zirconocene,,- C124 H99 Cl7 Zr2 -,- C124 H99 Cl7 Zr2 -,- C496 H396 Cl28 Zr8 -,4,1
4089456,22.486,0.0006,12.492,0.0003,38.2299,0.0008,90,,106.285,0.001,90,,10307.7,0.4,150,2,150,2,4,P 1 21/n 1,-P 2yn,14,,,,- C59.35 H43.35 Cl6.05 Hf -,- C59.35 H43.35 Cl6.05 Hf -,- C474.8 H346.8 Cl48.4 Hf8 -,8,2
4089558,23.865,0.004,10.269,0.0018,19.572,0.004,90,,108.685,0.011,90,,4543.7,1.5,130,2,130,2,8,C 1 c 1,C -2yc,9,,,,- C39 H65 B2 Cl2 F8 Fe P3 Pd -,- C39 H65 B2 Cl2 F8 Fe P3 Pd -,- C156 H260 B8 Cl8 F32 Fe4 P12 Pd4 -,4,1
4089559,12.7854,0.0008,12.8171,0.0008,17.1444,0.0013,84.688,0.002,83.017,0.003,73.353,0.002,2666.8,0.3,110,2,110,2,8,P -1,-P 1,2,,,,- C53 H69 B2 Cl2 F8 Fe P3 Pd -,- C53 H69 B2 Cl2 F8 Fe P3 Pd -,- C106 H138 B4 Cl4 F16 Fe2 P6 Pd2 -,2,1
4089560,10.5061,0.0009,15.7501,0.0013,20.615,0.0018,90,,91.838,0.005,90,,3409.5,0.5,120,2,120,2,8,P 1 21/c 1,-P 2ybc,14,,,,- C26 H47 B2 Cl F8 Fe P3 Pd -,- C26 H47 B2 Cl F8 Fe P3 Pd -,- C104 H188 B8 Cl4 F32 Fe4 P12 Pd4 -,4,1
4089561,14.0149,0.0006,16.4196,0.0008,23.4016,0.0011,82.01,0.002,74.594,0.002,89.467,0.002,5139.1,0.4,120,2,120,2,8,P -1,-P 1,2,,,,- C53.5 H46 B2 Cl3 F8 Fe P3 Pd -,- C53.5 H46 B2 Cl3 F8 Fe P3 Pd -,- C214 H184 B8 Cl12 F32 Fe4 P12 Pd4 -,4,2
4089562,12.3572,0.0011,14.0847,0.0012,16.277,0.0015,89.496,0.005,85.881,0.005,65.184,0.005,2564,0.4,120,2,120,2,8,P -1,-P 1,2,,,,- C56 H53 B2 F8 O P3 Pd Ru -,- C52 H43 B2 F8 P3 Pd Ru -,- C104 H86 B4 F16 P6 Pd2 Ru2 -,2,1
4089563,12.7978,0.0004,15.6371,0.0005,17.5738,0.0006,77.064,0.002,80.741,0.002,71.172,0.002,3229.2,0.19,125,2,125,2,8,P -1,-P 1,2,,,,- C59 H81 B2 Cl7 F8 Fe P3 Pt -,- C59 H81 B2 Cl7 F8 Fe P3 Pt -,- C118 H162 B4 Cl14 F16 Fe2 P6 Pt2 -,2,1
4089564,12.3714,0.0007,14.0701,0.0008,16.3741,0.0009,85.31,0.003,86.31,0.003,65.741,0.002,2588.3,0.3,120,2,120,2,8,P -1,-P 1,2,,,,- C55 H49 B2 Cl3 F8 P3 Pt Ru -,- C52 H43 B2 F8 P3 Pt Ru -,- C104 H86 B4 F16 P6 Pt2 Ru2 -,2,1
4089565,11.3003,0.001,17.7584,0.0015,12.7868,0.0011,90,,98.48,0.002,90,,2537.9,0.4,110,2,110,2,6,P 1 21/n 1,-P 2yn,14,,,,- C22 H36 Fe I2 P2 Pd -,- C22 H36 Fe I2 P2 Pd -,- C88 H144 Fe4 I8 P8 Pd4 -,4,1
4089566,12.5777,0.0005,13.0199,0.0005,17.08,0.0006,83.477,0.002,86.866,0.002,76.638,0.002,2702.52,0.18,110,2,110,2,8,P -1,-P 1,2,,,,- C58 H76 B2 F8 Fe O2.5 P3 Pd -,- C48 H51 B2 F8 Fe P3 Pd -,- C96 H102 B4 F16 Fe2 P6 Pd2 -,2,1
4089567,11.3218,0.0011,17.7619,0.0018,12.7728,0.0013,90,,98.641,0.002,90,,2539.4,0.4,110,2,110,2,6,P 1 21/n 1,-P 2yn,14,,,,- C22 H36 Fe I2 P2 Pt -,- C22 H36 Fe I2 P2 Pt -,- C88 H144 Fe4 I8 P8 Pt4 -,4,1
4089568,14.6916,0.0004,14.7206,0.0004,16.787,0.0004,64.59,0.001,78.883,0.001,81.407,0.001,3208.64,0.15,120,2,120,2,8,P -1,-P 1,2,,,,- C134 H84 B2 Cl4 F48 Fe2 P4 Pd2 -,- C134 H84 B2 Cl4 F48 Fe2 P4 Pd2 -,- C134 H84 B2 Cl4 F48 Fe2 P4 Pd2 -,1,0.5
4089569,11.6086,0.0003,17.1357,0.0005,19.2749,0.0006,90,,98.127,0.001,90,,3795.69,0.19,296,2,296,2,7,P 1 21/c 1,-P 2ybc,14,[(dtbpf)PdCl][SbCl6].0.5(CH2Cl2),,,- C26.5 H45 Cl8 Fe P2 Pd Sb -,- C26.5 H45 Cl8 Fe P2 Pd Sb -,- C106 H180 Cl32 Fe4 P8 Pd4 Sb4 -,4,1
4089570,11.5485,0.001,17.0186,0.0014,19.1239,0.0016,90,,98.185,0.001,90,,3720.3,0.5,165,2,165,2,7,P 1 21/c 1,-P 2ybc,14,[(dtbpf)PdCl][SbCl6].0.5(CH2Cl2),,,- C26.5 H45 Cl8 Fe P2 Pd Sb -,- C26.5 H45 Cl8 Fe P2 Pd Sb -,- C106 H180 Cl32 Fe4 P8 Pd4 Sb4 -,4,1
4089571,11.495,0.01,16.945,0.014,19.559,0.016,90,,97.657,0.011,90,,3776,5,100,2,100,2,7,P 1 21/c 1,-P 2ybc,14,[(dtbpf)PdCl][SbCl6].0.5(CH2Cl2),,,- C26.5 H45 Cl8 Fe P2 Pd Sb -,- C26.5 H45 Cl8 Fe P2 Pd Sb -,- C106 H180 Cl32 Fe4 P8 Pd4 Sb4 -,4,1
4089572,11.617,0.004,17.131,0.006,19.29,0.006,90,,98.126,0.006,90,,3800,2,296,2,296,2,7,P 1 21/c 1,-P 2ybc,14,,,,- C26.5 H45 Cl8 Fe P2 Pd Sb -,- C26.5 H45 Cl8 Fe P2 Pd Sb -,- C106 H180 Cl32 Fe4 P8 Pd4 Sb4 -,4,1
4100706,32.132,0.003,21.368,0.002,23.512,0.002,90,,105.523,0.002,90,,15554,2,163,2,163,2,5,C 1 2/c 1,-C 2yc,15,,,,- C50 H82 O4 Si2 Sm2 -,- C50 H82 O4 Si2 Sm2 -,- C600 H984 O48 Si24 Sm24 -,12,1.5
4101130,10.0055,0.0001,27.7679,0.0006,24.2432,0.0006,90,,97.678,0.001,90,,6675.1,0.2,100,2,100,2,5,P 1 21/c 1,-P 2ybc,14,,,,- C78 H85 B2 N5 U -,- C78 H85 B2 N5 U -,- C312 H340 B8 N20 U4 -,4,1
4101131,21.0005,0.0005,19.4352,0.0005,22.9247,0.0003,90,,116.103,0.001,90,,8402.4,0.3,100,2,100,2,5,C 1 2/c 1,-C 2yc,15,,,,- C35 H52.5 I2 N7.5 U -,- C35 H52.5 I2 N7.5 U -,- C280 H420 I16 N60 U8 -,8,1
4102171,8.5394,0.0004,10.3251,0.0005,16.5699,0.0008,94.324,0.004,101.046,0.003,114.318,0.003,1287.09,0.11,200,2,200,2,4,P -1,-P 1,2,,,,- C28 H32 Si2 Ti -,- C28 H32 Si2 Ti -,- C56 H64 Si4 Ti2 -,2,1
4102172,32.0481,0.001,9.1762,0.0002,20.1421,0.0007,90,,113.035,0.002,90,,5451.1,0.3,200,2,200,2,4,C 1 2/c 1,-C 2yc,15,,,,- C22 H38 Hf Si4 -,- C22 H38 Hf Si4 -,- C176 H304 Hf8 Si32 -,8,1
4102173,16.8109,0.0005,10.2196,0.0003,14.9047,0.0005,90,,109.929,0.002,90,,2407.3,0.13,200,2,200,2,5,P 1 21/c 1,-P 2ybc,14,,,,- C20 H35 Hf P Si2 -,- C20 H35 Hf P Si2 -,- C80 H140 Hf4 P4 Si8 -,4,1
4102174,8.1828,0.0002,10.4511,0.0003,20.5913,0.0006,88.056,0.002,84.173,0.002,80.283,0.002,1726.47,0.08,200,2,200,2,4,P -1,-P 1,2,,,,- C38 H38 Hf Si4 -,- C38 H38 Hf Si4 -,- C76 H76 Hf2 Si8 -,2,1
4102849,10.096,0.008,11.064,0.01,11.9103,0.0014,89.107,0.008,78.26,0.008,75.326,0.007,1259.2,1.5,193,2,193,2,3,P -1,-P 1,2,,,,- C16 H14 Fe -,- C16 H14 Fe -,- C64 H56 Fe4 -,4,2
4102850,12.3912,0.0008,18.543,0.0012,19.2709,0.0012,91.317,0.001,105.934,0.001,95.163,0.001,4235.2,0.5,100,2,100,2,4,P -1,-P 1,2,,,,- C28 H18 Fe O2 -,- C28 H18 Fe O2 -,- C224 H144 Fe8 O16 -,8,4
4102851,10.2259,0.0006,11.7586,0.0007,13.5232,0.0008,100.77,0.001,103.04,0.001,94.48,0.001,1543.89,0.16,100,2,100,2,4,P -1,-P 1,2,,,,- C18 H14 Fe O4 -,- C18 H14 Fe O4 -,- C72 H56 Fe4 O16 -,4,2
4102852,13.2416,0.001,17.3908,0.0013,23.0341,0.0017,90,,90.8,0.001,90,,5303.8,0.7,213,2,213,2,5,P 1 21 1,P 2yb,4,,,,- C69 H57 Fe O2 P3 -,- C69 H57 Fe O2 P3 -,- C276 H228 Fe4 O8 P12 -,4,2
4102853,9.9968,0.0005,25.255,0.0012,22.4254,0.0011,90,,96.173,0.001,90,,5628.9,0.5,100,2,100,2,5,P 1 21/n 1,-P 2yn,14,,,,- C59 H53 Fe O4 P3 -,- C59 H53 Fe O4 P3 -,- C236 H212 Fe4 O16 P12 -,4,1
4105234,16.861,0.003,10.925,0.002,23.401,0.005,90,,110.76,0.03,90,,4030.7,1.6,100,2,100,2,5,P 1 21/c 1,-P 2ybc,14,,,,- C31 H61 P Si6 Zr -,- C31 H61 P Si6 Zr -,- C124 H244 P4 Si24 Zr4 -,4,1
4105235,11.365,0.002,15.798,0.003,17.117,0.003,90,,90,,90,,3073.3,1,100,2,100,2,5,P 21 21 21,P 2ac 2ab,19,,,,- C22 H47 P Si5 Zr -,- C22 H47 P Si5 Zr -,- C88 H188 P4 Si20 Zr4 -,4,1
4105236,9.878,0.002,10.085,0.002,16.779,0.003,90.47,0.03,90.22,0.03,117.42,0.03,1483.6,0.6,100,2,100,2,4,P -1,-P 1,2,,,,- C22 H46 Si6 Ti -,- C22 H46 Si6 Ti -,- C44 H92 Si12 Ti2 -,2,1
4105237,16.908,0.003,10.926,0.002,23.415,0.005,90,,110.94,0.03,90,,4039.9,1.6,100,2,100,2,6,P 1 21/c 1,-P 2ybc,14,,,,- C32 H63 Ge2 Hf P Si4 -,- C32 H63 Ge2 Hf P Si4 -,- C128 H252 Ge8 Hf4 P4 Si16 -,4,1
4105238,11.461,0.002,11.77,0.002,13.139,0.003,84,0.03,84.43,0.03,86.36,0.03,1751.8,0.6,100,2,100,2,6,P -1,-P 1,2,,,,- C25 H55 Ge2 P Si4 Zr -,- C25 H55 Ge2 P Si4 Zr -,- C50 H110 Ge4 P2 Si8 Zr2 -,2,1
4105239,10.982,0.002,11.835,0.002,17.5,0.004,86.81,0.03,87.77,0.03,75.29,0.03,2195.8,0.8,100,2,100,2,5,P -1,-P 1,2,,,,- C28 H64 Hf Si6 Sn3 -,- C28 H64 Hf Si6 Sn3 -,- C56 H128 Hf2 Si12 Sn6 -,2,1
4105240,10.916,0.002,11.849,0.002,17.496,0.003,87.04,0.03,87.75,0.03,76.3,0.03,2194.8,0.7,100,2,100,2,5,P -1,-P 1,2,,,,- C28 H64 Si6 Sn3 Zr -,- C28 H64 Si6 Sn3 Zr -,- C56 H128 Si12 Sn6 Zr2 -,2,1
4105241,16.865,0.003,10.921,0.002,23.394,0.005,90,,110.88,0.03,90,,4025.8,1.6,100,2,100,2,6,P 1 21/c 1,-P 2ybc,14,,,,- C32 H63 Ge Hf P Si5 -,- C32 H63 Ge Hf P Si5 -,- C128 H252 Ge4 Hf4 P4 Si20 -,4,1
4105242,19.289,0.004,12.751,0.003,10.29,0.002,90,,117.74,0.03,90,,2240,1,100,2,100,2,4,C 1 2 1,C 2y,5,,,,- C24 H72 Ge4 Si8 -,- C24 H72 Ge4 Si8 -,- C48 H144 Ge8 Si16 -,2,0.5
4105735,19.6639,0.0015,8.7482,0.0007,17.194,0.0013,90,,108.577,0.0009,90,,2803.7,0.4,153,2,153,2,5,C 1 2/c 1,-C 2yc,15,,,,- C24 H40 S4 Si2 U -,- C24 H40 S4 Si2 U -,- C96 H160 S16 Si8 U4 -,4,0.5
4105736,14.9569,0.0009,19.1828,0.0011,24.774,0.0015,90,,95.2545,0.0007,90,,7078.2,0.7,148,2,148,2,6,C 1 2/c 1,-C 2yc,15,,,,- C66 H108 N4 O4 Si4 U2 -,- C66 H108 N4 O4 Si4 U2 -,- C264 H432 N16 O16 Si16 U8 -,4,0.5
4105737,10.8031,0.0006,12.6268,0.0007,14.8665,0.0008,92.118,0.0006,91.9633,0.0006,112.882,0.0005,1864.45,0.18,148,2,148,2,5,P -1,-P 1,2,,,,- C36 H63 N3 Si2 U -,- C36 H63 N3 Si2 U -,- C72 H126 N6 Si4 U2 -,2,1
4105738,10.0856,0.0005,17.4636,0.0009,19.6548,0.001,90,,104.761,0.0007,90,,3347.6,0.3,153,2,153,2,5,P 1 21/c 1,-P 2ybc,14,,,,- C34 H58 N2 Si2 U -,- C34 H58 N2 Si2 U -,- C136 H232 N8 Si8 U4 -,4,1
4105904,10.3611,0.0011,11.5566,0.0013,13.457,0.002,96.926,0.006,106.836,0.006,116.529,0.004,1319.8,0.3,173,2,173,2,5,P -1,-P 1,2,,,,- C25 H42 N2 Si2 Ti -,- C25 H42 N2 Si2 Ti -,- C50 H84 N4 Si4 Ti2 -,2,1
4105905,10.4688,0.0003,12.266,0.0004,13.3377,0.0004,78.808,0.001,85.741,0.001,69.627,0.001,1574.99,0.08,173,2,173,2,5,P -1,-P 1,2,,,,- C31 H50 N2 Si2 Zr -,- C31 H50 N2 Si2 Zr -,- C62 H100 N4 Si4 Zr2 -,2,1
4105906,16.8952,0.0006,31.7271,0.0009,11.7933,0.0003,90,,90,,90,,6321.6,0.3,200,2,200,2,5,P c c n,-P 2ab 2ac,56,,,,- C33 H42 N2 Si2 Zr -,- C33 H42 N2 Si2 Zr -,- C264 H336 N16 Si16 Zr8 -,8,1
4105907,8.104,0.0006,10.3858,0.0007,12.3515,0.0009,94.436,0.003,94.238,0.003,103.346,0.003,1003.96,0.13,173,2,173,2,4,P -1,-P 1,2,,,,- C50 H48 N4 Ti2 -,- C50 H48 N4 Ti2 -,- C50 H48 N4 Ti2 -,1,0.5
4109112,27.687,0.013,15.086,0.005,18.057,0.007,90,,118.63,0.014,90,,6620,5,293,2,293,2,6,C 1 2/c 1,-C 2yc,15,,,,- C29 H45 Cl Cr N O -,- C29 H45 Cl Cr N O -,- C232 H360 Cl8 Cr8 N8 O8 -,8,1
4109113,13.117,0.004,11.47,0.004,20.571,0.008,90,,106.435,0.011,90,,2968.5,1.8,293,2,293,2,6,P 1 21/c 1,-P 2ybc,14,,,,- C31 H41 Cl Cr N O -,- C31 H41 Cl Cr N O -,- C124 H164 Cl4 Cr4 N4 O4 -,4,1
4109114,11.988,0.004,23.774,0.008,12.62,0.003,90,,104.731,0.012,90,,3478.5,1.9,293,2,293,2,6,P 1 21/n 1,-P 2yn,14,,,,- C37 H53 Cl Cr N O -,- C37 H53 Cl Cr N O -,- C148 H212 Cl4 Cr4 N4 O4 -,4,1
4109996,22.0418,0.0018,15.4524,0.0013,17.4014,0.0014,90,,90,,90,,5926.9,0.8,295,2,295,2,5,F d d 2,F 2 -2d,43,,,,- C28 H44 N2 O4 Ti -,- C28 H44 N2 O4 Ti -,- C224 H352 N16 O32 Ti8 -,8,0.5
4109997,10.0635,0.0006,17.306,0.001,18.661,0.001,90,,90,,90,,3250,0.3,173,2,173,2,5,P b c a,-P 2ac 2ab,61,,,,- C12 H28 N2 O4 Ti -,- C12 H28 N2 O4 Ti -,- C96 H224 N16 O32 Ti8 -,8,1
4112248,7.504,0.001,7.611,0.001,13.86,0.001,84.1,0.01,88.18,0.01,80.42,0.01,776.32,0.16,198,2,198,2,3,P -1,-P 1,2,,,,- C19 H22 Zr -,- C19 H22 Zr -,- C38 H44 Zr2 -,2,1
4112249,7.946,0.001,9.841,0.001,12.337,0.001,73.36,0.01,77.47,0.01,68.24,0.01,851.77,0.17,198,2,198,2,5,P -1,-P 1,2,,,,- C15 H20 Cl2 Si Zr -,- C15 H20 Cl2 Si Zr -,- C30 H40 Cl4 Si2 Zr2 -,2,1
4112250,9.939,0.001,12.73,0.001,15.109,0.001,90,,106.39,0.01,90,,1834,0.3,198,2,198,2,5,P 1 21/n 1,-P 2yn,14,,,,- C16 H22 Cl2 Si Zr -,- C16 H22 Cl2 Si Zr -,- C64 H88 Cl8 Si4 Zr4 -,4,1
4113353,14.739,0.003,10.7869,0.0019,15.771,0.003,90,,90,,90,,2507.4,0.8,100,2,100,2,5,P n m a,-P 2ac 2n,62,[Cr(Cp*)2][MTCE],,,- C27 H33 Cr N3 O2 -,- C27 H33 Cr N3 O2 -,- C108 H132 Cr4 N12 O8 -,4,0.5
4115249,17.995,0.002,13.483,0.001,18.008,0.002,90,,90.06,0.008,90,,4369.2,0.8,130,,130,1,5,P 1 2/c 1,-P 2yc,13,,,,- C52 H66 B O2 Ti -,- C208 H259.104 B4 O8 Ti4 -,- C208 H259.104 B4 O8 Ti4 -,1,0.25
4115250,11.992,0.001,13.649,0.002,14.883,0.001,90.95,0.01,109.499,0.008,90.865,0.009,2295.5,0.4,130,,130,1,5,P -1,-P 1,2,,,,- C56 H60 B F2 Ti -,- C56 H60 B F2 Ti -,- C112 H120 B2 F4 Ti2 -,2,1
4115251,13.3636,0.0007,15.06,0.0007,17.7873,0.0009,97.131,0.001,90.604,0.001,91.97,0.001,3549.6,0.3,100,1,100,1,4,P -1,-P 1,2,,,,- C44 H50 B Ti -,- C44 H50 B Ti -,- C176 H200 B4 Ti4 -,4,2
4116072,12.866,0.003,15.594,0.003,18.197,0.004,67.33,0.03,76.78,0.03,73.38,0.03,3199,1.4,293,2,293,2,3,P -1,-P 1,2,,,,- C34 H48 Ti -,- C34 H48 Ti -,- C136 H192 Ti4 -,4,2
4116073,9.093,0.002,30.743,0.006,11.625,0.002,90,,106.23,0.03,90,,3120.2,1.2,293,2,293,2,3,P 1 21/c 1,-P 2ybc,14,,,,- C34 H48 Zr -,- C34 H48 Zr -,- C136 H192 Zr4 -,4,1
4116209,11.392,0.005,11.392,0.005,3.938,0.003,90,,90,,120,,442.6,0.4,293,2,293,2,3,P -6 2 m,P -6 -2,189,,Ba2NiSi3,,- Ba2 Ni Si3 -,- Ba2 Ni Si3 -,- Ba6 Ni3 Si9 -,3,0.25
4116218,31.008,0.0005,11.92,0.0003,29.791,0.0007,90,,107.994,0.0013,90,,10472.6,0.4,115,,115,,5,P 1 21/c 1,-P 2ybc,14,,,,- C117 H160 N4 O4 Zr2 -,- C117 H160 N4 O4 Zr2 -,- C468 H640 N16 O16 Zr8 -,4,1
4116255,13.4053,0.0011,16.3295,0.0013,17.8203,0.0014,72.146,0.002,80.562,0.002,82.677,0.002,3650.4,0.5,213,2,213,2,9,P -1,-P 1,2,,,,- C80 H80 Cl2 F6 O3 P4 Rh Sb Zr -,- C80 H80 Cl2 F6 O3 P4 Rh Sb Zr -,- C160 H160 Cl4 F12 O6 P8 Rh2 Sb2 Zr2 -,2,1
4120334,6.5321,0.0003,8.0627,0.0003,12.6859,0.0005,73.519,0.002,84.233,0.002,77.446,0.002,624.81,0.05,143,1,143,1,4,P -1,-P 1,2,,,,- C10 H17 B7 Fe -,- C10 H17 B7 Fe -,- C20 H34 B14 Fe2 -,2,1
4120335,7.8737,0.0004,16.7333,0.001,12.7705,0.0006,90,,102.676,0.002,90,,1641.54,0.15,143,1,143,1,4,P 1 21/n 1,-P 2yn,14,,,,- C8 H22 B14 Fe -,- C8 H22 B14 Fe -,- C32 H88 B56 Fe4 -,4,1
4120336,8.8907,0.0008,21.898,0.002,8.669,0.0008,90,,108.393,0.004,90,,1601.5,0.3,143,1,143,1,4,P 1 21/c 1,-P 2ybc,14,,,,- C8 H22 B14 Fe -,- C8 H22 B14 Fe -,- C32 H88 B56 Fe4 -,4,1
4120337,8.0019,0.0006,8.8512,0.0007,12.1961,0.001,99.761,0.003,96.347,0.004,105.058,0.003,811.15,0.11,143,1,143,1,4,P -1,-P 1,2,,,,- C8 H22 B14 Fe -,- C8 H22 B14 Fe -,- C16 H44 B28 Fe2 -,2,1
4121170,10.1513,0.0002,42.0696,0.0008,17.7599,0.0003,90,,94.519,0.001,90,,7561,0.2,150,2,150,2,4,P 1 21/c 1,-P 2ybc,14,,,,- C46 H50 P2 Ti -,- C46 H50 P2 Ti -,- C368 H400 P16 Ti8 -,8,2
4121171,11.4225,0.0002,12.4016,0.0002,15.9682,0.0003,68.832,0.001,73.958,0.001,72.245,0.001,1973.41,0.06,150,2,150,2,4,P -1,-P 1,2,,,,- C46 H44 P2 Ti -,- C46 H44 P2 Ti -,- C92 H88 P4 Ti2 -,2,1
4121172,18.136,0.0003,12.8709,0.0002,33.6094,0.0006,90,,97.837,0.001,90,,7772.1,0.2,150,2,150,2,4,C 1 2/c 1,-C 2yc,15,,,,- C49.5 H48 P2 Zr -,- C49.5 H48 P2 Zr -,- C396 H384 P16 Zr8 -,8,1
4121173,15.5727,0.0004,15.8919,0.0004,16.9596,0.0004,78.389,0.001,68.904,0.001,79.209,0.001,3805.35,0.17,150,2,150,2,4,P -1,-P 1,2,,,,- C95.8 H87.2 P4 Zr2 -,- C95.8 H87.2 P4 Zr2 -,- C191.6 H174.4 P8 Zr4 -,2,1
4121174,10.2288,0.0002,16.1867,0.0004,19.89,0.0004,98.728,0.001,97.499,0.001,100.128,0.001,3162.25,0.12,150,2,150,2,5,P -1,-P 1,2,,,,- C68 H102 Ni2 O2 P4 -,- C68 H102 Ni2 O2 P4 -,- C136 H204 Ni4 O4 P8 -,2,1
4127837,10.9617,0.0003,13.0994,0.0004,12.8416,0.0004,90,,91.757,0.001,90,,1843.08,0.09,100,2,100,2,3,P 1 21/n 1,-P 2yn,14,,,,- C40 H70 Tb -,- C40 H70 Tb -,- C80 H140 Tb2 -,2,0.5
4127838,15.2155,0.0006,23.1873,0.0009,16.8829,0.0007,90,,90.943,0.001,90,,5955.6,0.4,100,2,100,1,5,P 1 21/n 1,-P 2yn,14,,,,- C64 H70 B F20 Tb -,- C64 H70 B F20 Tb -,- C256 H280 B4 F80 Tb4 -,4,1
4127839,11.02,0.0005,13.0196,0.0006,12.8467,0.0008,90,,91.917,0.005,90,,1842.16,0.17,293,2,293,2,3,P 1 21/n 1,-P 2yn,14,,,,- C40 H70 Dy -,- C40 H70 Dy -,- C80 H140 Dy2 -,2,0.5
4128931,8.07,0.0006,8.4605,0.0006,12.8684,0.001,90,,93.611,0.002,90,,876.86,0.11,100,2,100.01,,3,P 1 21/n 1,-P 2yn,14,,,,- C20 H31 Co -,- C20 H31 Co -,- C40 H62 Co2 -,2,0.5
4128932,12.8973,0.0005,9.6767,0.0004,15.1146,0.0006,90,,92.956,0.002,90,,1883.84,0.13,100,2,100,,3,P 1 21/c 1,-P 2ybc,14,,,,- C21 H33 Co -,- C21 H33 Co -,- C84 H132 Co4 -,4,1
4305016,9.24,0.001,10.499,0.001,19.982,0.001,91.54,0.01,90.02,0.01,115.26,0.01,1752.3,0.3,100,2,100,2,6,P -1,-P 1,2,,,,- C37 H55 Al N2 O Ti -,- C37 H55 Al N2 O Ti -,- C74 H110 Al2 N4 O2 Ti2 -,2,1
4305017,12.033,0.001,19.076,0.002,17.519,0.001,90,,96.79,0.01,90,,3993.1,0.6,100,2,100,2,6,P 1 21/n 1,-P 2yn,14,,,,- C42 H65 Al N2 O Ti -,- C42 H65 Al N2 O Ti -,- C168 H260 Al4 N8 O4 Ti4 -,4,1
4305018,12.232,0.002,19.009,0.002,17.498,0.002,90,,97.36,0.01,90,,4035.1,0.9,100,2,100,2,6,P 1 21/n 1,-P 2yn,14,,,,- C42 H65 Al N2 O Zr -,- C42 H65 Al N2 O Zr -,- C168 H260 Al4 N8 O4 Zr4 -,4,1
4306106,20.221,0.01,10.11,0.005,16.301,0.008,90,,109.752,0.009,90,,3136,3,208,2,208,2,4,P 1 21/c 1,-P 2ybc,14,,,,- C32 H45 N4 Sm -,- C32 H45 N4 Sm -,- C128 H180 N16 Sm4 -,4,1
4306107,24.874,0.005,8.445,0.0015,25.131,0.005,90,,91.754,0.003,90,,5276.6,1.8,100,2,100,2,4,P 1 21/n 1,-P 2yn,14,EM10,,,- C27 H42 Ce N2 -,- C27 H42 Ce N3 -,- C216 H336 Ce8 N24 -,8,2
4309314,12.0975,0.0014,14.6414,0.0017,15.1196,0.0017,90,,104.69,0.002,90,,2590.5,0.5,163,2,163,2,4,P 1 21/n 1,-P 2yn,14,,,,- C26 H46 B La -,- C26 H46 B La -,- C104 H184 B4 La4 -,4,1
4309315,24.84,0.005,11.226,0.002,27.895,0.005,90,,105.442,0.003,90,,7498,2,163,2,163,2,3,P 1 21/c 1,-P 2ybc,14,,,,- C40 H60 La2 -,- C40 H60 La2 -,- C320 H480 La16 -,8,2
4313242,13.7921,0.0003,13.4227,0.0003,13.0868,0.0003,90,,91.6448,0.0012,90,,2421.72,0.09,150,1,150,1,5,P 1 21/c 1,-P 2ybc,14,,,,- C11 H16 B Cl Zr -,- C11 H16 B Cl Zr -,- C88 H128 B8 Cl8 Zr8 -,8,2
4313243,15.2949,0.0004,9.3417,0.0002,9.3211,0.0002,90,,90,,90,,1331.8,0.05,150,1,150,1,4,P n a 21,P 2c -2n,33,,,,- C12 H22 B2 Zr -,- C12 H22 B2 Zr -,- C48 H88 B8 Zr4 -,4,1
4313244,9.1795,0.0003,13.0993,0.0005,8.852,0.0003,90,,90,,90,,1064.41,0.06,150,1,150,1,4,F m m 2,F 2 -2,42,,,,- C11 H16 B Ti -,- C11 H16 B Ti -,- C44 H64 B4 Ti4 -,4,0.25
4314461,8.8192,0.0006,17.3674,0.0012,17.212,0.0012,90,,92.916,0.001,90,,2632.9,0.3,100,2,100,2,5,P 1 21/n 1,-P 2yn,14,,,,- C27 H42 Cl N3 U -,- C27 H42 Cl N3 U -,- C108 H168 Cl4 N12 U4 -,4,1
4314462,11.3246,0.0006,20.1621,0.0011,11.8247,0.0006,90,,94.808,0.001,90,,2690.4,0.2,153,2,153,2,4,P 1 21/n 1,-P 2yn,14,,,,- C27 H42 N6 U -,- C27 H42 N6 U -,- C108 H168 N24 U4 -,4,1
4314463,10.7804,0.0007,15.5317,0.0011,17.9557,0.0012,90,,90,,90,,3006.5,0.4,143,2,143,2,5,P 21 21 21,P 2ac 2ab,19,,,,- C30 H51 N4 Si U -,- C30 H51 N4 Si U -,- C120 H204 N16 Si4 U4 -,4,1
4314464,15.2203,0.0006,16.9397,0.0007,19.8735,0.0008,90,,90,,90,,5123.9,0.4,103,2,103,2,5,P 21 21 21,P 2ac 2ab,19,,,,- C54 H84 N6 Se U2 -,- C54 H84 N6 Se U2 -,- C216 H336 N24 Se4 U8 -,4,1
4314829,9.5795,0.0006,17.4341,0.0011,17.852,0.0011,90,,101.438,0.001,90,,2922.2,0.3,143,2,143,2,5,P 1 21/n 1,-P 2yn,14,,,,- C30 H50 N2 O2 U -,- C30 H50 N2 O2 U -,- C120 H200 N8 O8 U4 -,4,1
4314830,34.4356,0.0018,12.3473,0.0007,16.1941,0.0009,90,,90.682,0.001,90,,6885,0.7,103,2,103,2,5,C 1 2/c 1,-C 2yc,15,,,,- C36.5 H55 N3 S U -,- C36.5 H51 N3 S U -,- C292 H408 N24 S8 U8 -,8,1
4314831,11.5156,0.0006,17.1703,0.0009,16.0926,0.0008,90,,90.232,0.001,90,,3181.9,0.3,103,2,103,2,5,P 1 21/c 1,-P 2ybc,14,,,,- C34 H52 N2 S U -,- C34 H52 N2 S U -,- C136 H208 N8 S4 U4 -,4,1
4314832,8.2845,0.0004,11.1001,0.0006,14.231,0.0007,81.993,0.0005,76.1897,0.0005,81.9746,0.0006,1250.72,0.11,103,2,103,2,4,P -1,-P 1,2,,,,- C28 H42 N2 U -,- C28 H42 N2 U -,- C56 H84 N4 U2 -,2,1
4316936,12.5758,0.0015,14.7777,0.0018,15.0404,0.0018,90,,92.304,0.002,90,,2792.9,0.6,98,2,98,2,4,P 1 21/c 1,-P 2ybc,14,,,,- C28 H47 N2 Th -,- C28 H47 N2 Th -,- C112 H188 N8 Th4 -,4,1
4317046,14.2815,0.0003,14.2815,0.0003,19.73,0.0008,90,,90,,90,,4024.2,0.2,103,2,103,2,4,P -4 21 c,P -4 2n,114,,,,- C43 H66 N2 Y2 -,- C43 H60 N2 Y2 -,- C172 H240 N8 Y8 -,4,0.5
4324977,22.2813,0.0008,14.5879,0.0006,19.2893,0.0007,90,,105.732,0.0004,90,,6034.9,0.4,93,2,93,2,4,C 1 2/c 1,-C 2yc,15,,,,- C60 H90 N9 Y3 -,- C60 H90 N9 Y3 -,- C240 H360 N36 Y12 -,4,0.5
4324978,27.1898,0.0015,27.1898,0.0015,19.8371,0.0011,90,,90,,120,,12700.5,1.2,148,2,148,2,4,P -3,-P 3,147,,,,- C78 H117 N18 Sm3 -,- C78 H117 N18 Sm3 -,- C468 H702 N108 Sm18 -,6,1
4324979,10.8241,0.0004,14.1064,0.0005,14.3236,0.0005,86.1256,0.0004,79.4371,0.0004,83.4938,0.0004,2133.7,0.13,93,2,93,2,4,P -1,-P 1,2,,,,- C42 H63 N7 Sm2 -,- C42 H63 N7 Sm2 -,- C84 H126 N14 Sm4 -,2,1
4324980,10.3246,0.0004,14.1253,0.0006,15.5657,0.0007,90,,105.16,0.001,90,,2191.07,0.16,93,2,93,2,5,P 1 2/c 1,-P 2yc,13,,,,- C50 H62 B O2 Y -,- C50 H62 B O2 Y -,- C100 H124 B2 O4 Y2 -,2,0.5
4324981,10.3283,0.0003,14.1678,0.0005,15.6546,0.0005,90,,105.314,0.0004,90,,2209.39,0.12,98,2,98,2,5,P 1 2/c 1,-P 2yc,13,,,,- C50 H62 B O2 Sm -,- C50 H62 B O2 Sm -,- C100 H124 B2 O4 Sm2 -,2,0.5
4324982,10.9624,0.0005,14.7189,0.0007,34.3027,0.0017,90,,92.5507,0.0007,90,,5529.4,0.5,143,2,143,2,5,P 1 21/c 1,-P 2ybc,14,,,,- C70 H70 B O2 Y -,- C70 H70 B O2 Y -,- C280 H280 B4 O8 Y4 -,4,1
4324983,11.0392,0.0005,15.5736,0.0008,31.0265,0.0015,90,,90,,90,,5334.1,0.4,143,2,143,2,6,P 21 21 21,P 2ac 2ab,19,,,,- C64 H74 B N2 O2 Y -,- C64 H74 B N2 O2 Y -,- C256 H296 B4 N8 O8 Y4 -,4,1
4324984,10.3569,0.0004,14.1863,0.0005,16.1998,0.0006,90,,106.857,0.0004,90,,2277.9,0.15,93,2,93,2,5,P 1 2/c 1,-P 2yc,13,,,,- C54 H60 B N2 Sm -,- C54 H60 B N2 Sm -,- C108 H120 B2 N4 Sm2 -,2,0.5
4324985,13.6157,0.0005,18.4964,0.0007,27.1343,0.001,90,,90,,90,,6833.5,0.4,93,2,93,2,5,P 21 21 21,P 2ac 2ab,19,,,,- C82 H94 B N2 Y2 -,- C82 H94 B N2 Y2 -,- C328 H376 B4 N8 Y8 -,4,1
4324986,10.5327,0.0005,10.9558,0.0005,11.2847,0.0005,79.5057,0.0006,75.6293,0.0006,85.158,0.0006,1239.29,0.1,148,2,148,2,4,P -1,-P 1,2,,,,- C58 H74 N2 Y2 -,- C58 H74 N2 Y2 -,- C58 H74 N2 Y2 -,1,0.5
4326883,11.4411,0.0002,14.0636,0.0003,17.2603,0.0004,75.3279,0.0008,71.2575,0.0008,88.8294,0.0009,2538.57,0.09,115,2,115,2,4,P -1,-P 1,2,,,,- C63 H63 Fe P3 -,- C63 H63 Fe P3 -,- C126 H126 Fe2 P6 -,2,1
4339413,10.6644,0.0005,11.631,0.0005,12.9048,0.0006,89.406,0.001,89.39,0.001,66.021,0.001,1462.42,0.12,100,2,100,2,6,P -1,-P 1,2,,,,- C27 H51 N3 O Ti Zr -,- C27 H51 N3 O Ti Zr -,- C54 H102 N6 O2 Ti2 Zr2 -,2,1
4339414,14.8318,0.0008,18.7743,0.001,17.7562,0.0009,90,,111.051,0.001,90,,4614.4,0.4,100,2,100,2,6,P 1 21/n 1,-P 2yn,14,,,,- C46 H78 Hf N2 O2 Zr2 -,- C46 H78 Hf N2 O2 Zr2 -,- C184 H312 Hf4 N8 O8 Zr8 -,4,1
4518828,29.0406,0.0016,16.9643,0.0009,19.5677,0.0011,90,,102.448,0.001,90,,9413.5,0.9,120,,120,,5,C 1 2/c 1,-C 2yc,15,,,,- C55 H61 Hf N O2 -,- C55 H61 Hf N O2 -,- C440 H488 Hf8 N8 O16 -,8,1
7004657,13.2098,0.0013,13.8554,0.0007,14.2609,0.0007,116.564,0.002,97.76,0.003,94.743,0.003,2282.9,0.3,203,2,203,2,3,P -1,-P 1,2,((4-nBu-C6H4)5Cp)2Ba,,,- C110 H130 Ba -,- C110 H130 Ba -,- C110 H130 Ba -,1,0.5
7004658,13.1279,0.0015,13.9524,0.0008,14.298,0.0008,117.314,0.003,97.775,0.004,93.923,0.004,2280,0.3,203,2,203,2,3,P -1,-P 1,2,((nBu-C6H4)5Cp)2Sr,,,- C110 H130 Sr -,- C110 H130 Sr -,- C110 H130 Sr -,1,0.5
7007342,18.157,0.001,11.38,0.001,8.664,0.001,90,,109.32,0.01,90,,1689.4,0.3,198,2,198,2,4,C 1 2 1,C 2y,5,,,,- C30 H48 O12 Zr -,- C30 H48 O12 Zr -,- C60 H96 O24 Zr2 -,2,0.5
7007343,9.213,0.001,19.258,0.001,30.126,0.001,90,,90,,90,,5345.1,0.7,198,2,198,2,4,P 21 21 21,P 2ac 2ab,19,,,,- C59 H68 O12 Zr2 -,- C59 H68 O12 Zr2 -,- C236 H272 O48 Zr8 -,4,1
7007389,6.7838,0.0001,11.2938,0.0003,17.8651,0.0004,90,,97.105,0.002,90,,1358.22,0.05,123,2,123,2,5,P 1 21/n 1,-P 2yn,14,,"1,1'-bis(dichlorophosphano)ferrocene",,- C10 H8 Cl4 Fe P2 -,- C10 H8 Cl4 Fe P2 -,- C40 H32 Cl16 Fe4 P8 -,4,1
7007390,13.647,0.004,8.992,0.002,13.668,0.003,90,,119.01,0.018,90,,1466.8,0.7,100,2,100,2,5,P 1 2/n 1,-P 2yac,13,"1,1'-bis(dibromophosphano)ferrocene","1,1'-bis(dibromophosphano)ferrocene",,- C10 H8 Br4 Fe P2 -,- C10 H8 Br4 Fe P2 -,- C40 H32 Br16 Fe4 P8 -,4,1
7008288,8.7491,0.0018,23.322,0.005,8.8016,0.0019,90,,96.995,0.004,90,,1782.6,0.7,198,1,198,1,6,P 1 21/n 1,-P 2yn,14,,,,- C8 H12 F9 N4 Sb Ti -,- C8 H12 F9 N4 Sb Ti -,- C32 H48 F36 N16 Sb4 Ti4 -,4,1
7008289,9.869,0.0005,10.4615,0.0005,11.9993,0.0006,80.108,0.001,76.847,0.001,64.519,0.001,1085.16,0.09,198,2,198,2,6,P -1,-P 1,2,,,,- C10 H20 F14 O5 Sb2 Ti -,- C10 H20 F14 O5 Sb2 Ti -,- C20 H40 F28 O10 Sb4 Ti2 -,2,1
7008290,10.0613,0.0006,10.371,0.0006,12.4456,0.0007,84.098,0.001,77.82,0.001,67.257,0.001,1170.39,0.12,173,2,173,2,6,P -1,-P 1,2,,,,- C12 H24 F14 O6 Sb2 Ti -,- C12 H24 F14 O6 Sb2 Ti -,- C24 H48 F28 O12 Sb4 Ti2 -,2,1
7009107,8.47,0.004,10.106,0.004,13.403,0.003,80.26,0.03,74.88,0.03,67.53,0.02,1020.4,0.7,125,,125,,6,P -1,-P 1,2,,,,- C22 H12 B Cl F10 W -,- C22 H12 B Cl F10 W -,- C44 H24 B2 Cl2 F20 W2 -,2,1
7009108,15.427,0.003,15.619,0.004,19.877,0.002,90,,90,,90,,4789.4,1.6,125,,125,,5,P b c a,-P 2ac 2ab,61,,,,- C28 H9 B F15 Re -,- C28 H9 B F15 Re -,- C224 H72 B8 F120 Re8 -,8,1
7009950,9.1145,0.0008,15.798,0.002,15.006,0.001,90,,92.23,0.005,90,,2159.1,0.4,150,2,150,2,5,P 1 21/n 1,-P 2yn,14,,,,- C22.5 H28 Na O1.5 Pb -,- C22.5 H28 Na O1.5 Pb -,- C90 H112 Na4 O6 Pb4 -,4,1
7016310,13.878,0.001,8.3613,0.0006,15.0171,0.001,90,,94.092,0.002,90,,1738.1,0.2,173,,173,,5,P 1 21/c 1,-P 2ybc,14,decamethylferrocene-dichloroonaphthoquinone complex,decamethylferrocene-dichloroonaphthoquinone complex,,- C40 H38 Cl4 Fe O4 -,- C40 H38 Cl4 Fe O4 -,- C80 H76 Cl8 Fe2 O8 -,2,0.5
7016311,14.0046,0.0012,8.4462,0.0007,15.2741,0.0013,90,,95.616,0.001,90,,1798,0.3,173,,173,,5,P 1 21/c 1,-P 2ybc,14,decamethylferrocene-dibromonaphthoquinone complex,decamethylferrocene-dibromonaphthoquinone complex,,- C40 H38 Br4 Fe O4 -,- C40 H38 Br4 Fe O4 -,- C80 H76 Br8 Fe2 O8 -,2,0.5
7016312,13.8088,0.001,8.1646,0.0006,15.0981,0.0011,90,,95.989,0.002,90,,1692.9,0.2,173,,173,,5,P 1 21/c 1,-P 2ybc,14,octamethylferrocene-dibromonaphthoquinone complex,octamethylferrocene-dibromonaphthoquinone complex,,- C38 H32 Cl4 Fe O4 -,- C38 H32 Cl4 Fe O4 -,- C76 H64 Cl8 Fe2 O8 -,2,0.5
7016313,13.7023,0.0007,8.1596,0.0004,15.0503,0.0008,90,,96.185,0.001,90,,1672.91,0.15,90,,90,,5,P 1 21/c 1,-P 2ybc,14,octamethylferrocene-dibromonaphthoquinone complex,octamethylferrocene-dibromonaphthoquinone complex,,- C38 H32 Cl4 Fe O4 -,- C38 H32 Cl4 Fe O4 -,- C76 H64 Cl8 Fe2 O8 -,2,0.5
7016314,13.846,0.003,8.1681,0.0017,15.11,0.003,90,,96.016,0.002,90,,1699.5,0.6,173,,173,,5,P 1 21/c 1,-P 2ybc,14,octamethylferrocene-dichloronaphthoquinone complex,octamethylferrocene-dichloronaphthoquinone complex,,- C38 H34 Cl4 Fe O4 -,- C38 H32 Cl4 Fe O4 -,- C76 H64 Cl8 Fe2 O8 -,2,0.5
7016539,16.312,0.004,12.288,0.004,29.792,0.006,90,,120.392,0.01,90,,5151,2,293,2,293,2,6,P 1 21/c 1,-P 2ybc,14,,,,- C50 H60 Cl6 Cr2 N2 O2 -,- C50 H60 Cl6 Cr2 N2 O2 -,- C200 H240 Cl24 Cr8 N8 O8 -,4,1
7016540,18.076,0.005,18.047,0.005,23.103,0.004,90,,125.714,0.014,90,,6119,3,293,2,293,2,6,P 1 21/c 1,-P 2ybc,14,,,,- C66 H76 Cl2 Cr2 N2 O2 -,- C66 H76 Cl2 Cr2 N2 O2 -,- C264 H304 Cl8 Cr8 N8 O8 -,4,1
7016541,8.6023,0.0007,12.9253,0.0011,16.4342,0.0014,69.844,0.001,83.356,0.002,79.47,0.002,1683.7,0.2,293,2,293,2,6,P -1,-P 1,2,,,,- C41 H41 Cl Cr N O2 -,- C41 H41 Cl Cr N O2 -,- C82 H82 Cl2 Cr2 N2 O4 -,2,1
7016542,11.6666,0.0016,20.495,0.003,17.05,0.002,90,,92.581,0.002,90,,4072.6,0.9,293,2,293,2,6,P 1 21/c 1,-P 2ybc,14,,,,- C47 H53 Cl Cr N O2 -,- C47 H53 Cl Cr N O2 -,- C188 H212 Cl4 Cr4 N4 O8 -,4,1
7017669,9.2423,0.0012,17.0996,0.0015,25.117,0.003,90,,90,,90,,3969.5,0.8,123,2,123,2,5,P 21 21 21,P 2ac 2ab,19,DPBa,,,- C42 H48 Ba O4 P2 -,- C42 H48 Ba O4 P2 -,- C168 H192 Ba4 O16 P8 -,4,1
7017670,13.084,0.003,13.542,0.003,15.058,0.003,89.93,0.03,70.99,0.03,82.52,0.03,2498.6,1.1,123,,123,,6,P -1,-P 1,2,DP145C,,,- C54 H70 O4.5 P2 Pt Sr -,- C54 H70 O4.5 P2 Pt Sr -,- C108 H140 O9 P4 Pt2 Sr2 -,2,1
7017671,8.4669,0.0002,14.9498,0.0004,26.8694,0.0009,90,,90,,90,,3401.09,0.17,123,,123,,5,P b c n,-P 2n 2ab,60,6b,,,- C38 H38 Ca O2 P2 -,- C38 H38 Ca O2 P2 -,- C152 H152 Ca4 O8 P8 -,4,0.5
7017672,12.7626,0.0004,14.101,0.0003,14.9014,0.0004,112.945,0.002,100.743,0.002,106.299,0.002,2233.61,0.12,123,,123,,6,P -1,-P 1,2,DP368,,,- C50 H62 Ca O3.5 P2 Pt -,- C50 H62 Ca O3.5 P2 Pt -,- C100 H124 Ca2 O7 P4 Pt2 -,2,1
7017673,13.2232,0.0003,22.8323,0.0006,26.7122,0.0007,68.84,0.001,81.103,0.001,75.637,0.001,7267,0.3,123,,123,,6,P -1,-P 1,2,1,,,- C52 H66 Ba O4 P2 Pt -,- C52 H66 Ba O4 P2 Pt -,- C312 H396 Ba6 O24 P12 Pt6 -,6,3
7017997,14.092,0.002,10.4839,0.0015,15.135,0.002,90,,109.337,0.0011,90,,2109.9,0.5,123.1,,123.1,,4,P 1 21/n 1,-P 2yn,14,,,,- C24 H29 K O -,- C24 H29 K O -,- C96 H116 K4 O4 -,4,1
7017998,15.8327,0.0015,14.13,0.0013,18.3007,0.0018,90,,104.286,0.0005,90,,3967.5,0.7,123.1,,123.1,,4,P 1 21/a 1,-P 2yab,14,,,,- C48 H58 O2 Sm -,- C48 H58 O2 Sm -,- C192 H232 O8 Sm4 -,4,1
7017999,15.9579,0.0017,12.1851,0.0012,16.6516,0.0018,90,,109.624,0.003,90,,3049.8,0.6,123.1,,123.1,,3,P 1 21/n 1,-P 2yn,14,,,,- C40 H42 Sm -,- C40 H42 Sm -,- C160 H168 Sm4 -,4,1
7019880,8.5431,0.001,17.102,0.002,18.187,0.002,62.5943,0.0013,88.1152,0.0016,85.947,0.0016,2353.1,0.5,153,2,153,2,5,P -1,-P 1,2,,,,- C24 H42 B O Y -,- C24 H42 B O Y -,- C96 H168 B4 O4 Y4 -,4,2
7019881,8.6457,0.0003,16.8105,0.0006,16.8419,0.0006,65.9645,0.0004,87.0262,0.0005,81.1176,0.0005,2208.56,0.14,103,2,103,2,5,P -1,-P 1,2,,,,- C22 H38 B O Y -,- C22 H38 B O Y -,- C88 H152 B4 O4 Y4 -,4,2
7019882,10.7158,0.0004,13.6441,0.0005,17.6253,0.0006,102.944,0.0005,99.0856,0.0005,104.329,0.0005,2370.42,0.15,88,2,88,2,4,P -1,-P 1,2,,,,- C26 H42 B Sc -,- C26 H42 B Sc -,- C104 H168 B4 Sc4 -,4,2
7019883,9.191,0.0005,15.1368,0.0008,19.9838,0.0011,69.3342,0.0006,77.1285,0.0007,87.1072,0.0007,2534.7,0.2,143,2,143,2,4,P -1,-P 1,2,,,,- C28 H46 B Sc -,- C28 H46 B Sc -,- C112 H184 B4 Sc4 -,4,2
7019884,8.4949,0.0004,16.6454,0.0008,17.7827,0.0008,63.7179,0.0005,87.6483,0.0005,87.2937,0.0006,2251.47,0.18,153,2,153,2,6,P -1,-P 1,2,,,,- C48 H80 B Cl O2 Sc2 -,- C48 H80 B Cl O2 Sc2 -,- C96 H160 B2 Cl2 O4 Sc4 -,2,1
7019885,12.5375,0.0005,11.2389,0.0004,12.6035,0.0005,90,,102.969,0.0004,90,,1730.63,0.12,98,2,98,2,4,P 1 21/n 1,-P 2yn,14,,,,- C18 H30 B Sc -,- C18 H30 B Sc -,- C72 H120 B4 Sc4 -,4,1
7019886,8.5074,0.001,13.3327,0.0016,16.267,0.002,108.214,0.0016,96.5966,0.0016,105.045,0.0016,1653.5,0.3,143,2,143,2,4,P -1,-P 1,2,,,,- C36 H52 N2 Sc2 -,- C36 H52 N2 Sc2 -,- C72 H104 N4 Sc4 -,2,1
7020704,7.7184,0.0006,12.6232,0.0007,18.4245,0.0014,90,,91.13,0.006,90,,1794.8,0.2,173,2,173,2,6,P 1 21/c 1,-P 2ybc,14,,,,- C20 H22 B Cl Fe Zr -,- C20 H22 B Cl Fe Zr -,- C80 H88 B4 Cl4 Fe4 Zr4 -,4,1
7020705,7.8828,0.0005,12.3274,0.0008,17.704,0.0012,90,,95.903,0.006,90,,1711.25,0.19,173,2,173,2,5,P 1 21/c 1,-P 2ybc,14,,,,- C20 H23 B Fe Zr -,- C20 H23 B Fe Zr -,- C80 H92 B4 Fe4 Zr4 -,4,1
7020706,7.6961,0.0005,11.9241,0.0007,14.5443,0.0009,79.726,0.005,78.431,0.005,88.685,0.005,1286.52,0.14,173,2,173,2,5,P -1,-P 1,2,,,,- C30 H34 B2 Fe2 Zr -,- C30 H34 B2 Fe2 Zr -,- C60 H68 B4 Fe4 Zr2 -,2,1
7020707,6.5811,0.0003,20.6944,0.0011,23.8678,0.0013,90,,90.26,0.004,90,,3250.6,0.3,173,2,173,2,5,P 1 21/n 1,-P 2yn,14,,,,- C35 H41 B3 Fe3 Zr -,- C35 H41 B3 Fe3 Zr -,- C140 H164 B12 Fe12 Zr4 -,4,1
7020708,7.7895,0.0007,23.372,0.0019,20.47,0.002,90,,90.081,0.008,90,,3726.7,0.6,173,2,173,2,5,P 1 21/n 1,-P 2yn,14,,,,- C40 H51 B3 Fe3 Zr -,- C40 H51 B3 Fe3 Zr -,- C160 H204 B12 Fe12 Zr4 -,4,1
7020709,12.0793,0.0004,13.6685,0.0005,35.3514,0.001,90,,90,,90,,5836.7,0.3,173,2,173,2,6,P b c a,-P 2ac 2ab,61,,,,- C30 H34 B2 Cl2 Fe Zr2 -,- C30 H34 B2 Cl2 Fe Zr2 -,- C240 H272 B16 Cl16 Fe8 Zr16 -,8,1
7021330,8.9587,0.0007,14.3777,0.0013,17.7595,0.0014,73.418,0.003,81.473,0.003,81.371,0.003,2154.1,0.3,120,1,120,1,5,P -1,-P 1,2,2a,,,- C24 H32 N2 O Ti -,- C24 H32 N2 O Ti -,- C96 H128 N8 O4 Ti4 -,4,2
7021331,9.1395,0.0004,9.5693,0.0004,14.4498,0.0006,103.401,0.001,97.55,0.001,110.744,0.001,1117.55,0.08,120,2,120,2,5,P -1,-P 1,2,3a,,,- C24 H32 N2 O Zr -,- C24 H32 N2 O Zr -,- C48 H64 N4 O2 Zr2 -,2,1
7021332,15.6422,0.0009,8.9096,0.0005,16.784,0.0007,90,,90.262,0.003,90,,2339.1,0.2,120,2,120,2,4,P 1 21/c 1,-P 2ybc,14,4c,,,- C25 H34 Hf N2 -,- C25 H34 Hf N2 -,- C100 H136 Hf4 N8 -,4,1
7021333,14.6866,0.0009,8.3103,0.0004,17.7682,0.001,90,,109.942,0.003,90,,2038.6,0.2,120,2,120,2,4,P 1 21/c 1,-P 2ybc,14,4g,,,- C21 H34 Hf N2 -,- C21 H34 Hf N2 -,- C84 H136 Hf4 N8 -,4,1
7021895,15.0433,0.0004,12.0424,0.0003,16.5253,0.0004,90,,110.917,0.001,90,,2796.39,0.12,150,2,150,2,4,C 1 2/c 1,-C 2yc,15,,,,- C28 H50 Al Ti -,- C28 H50 Al Ti -,- C112 H200 Al4 Ti4 -,4,0.5
7022897,13.909,0.0004,10.906,0.0002,17.504,0.0004,90,,97.834,0.0013,90,,2630.43,0.11,150,2,150,2,4,P 1 21/c 1,-P 2ybc,14,,,,- C32 H37 N Zr -,- C32 H37 N Zr -,- C128 H148 N4 Zr4 -,4,1
7022898,8.3978,0.0003,14.4909,0.0005,22.8225,0.0007,90,,90.074,0.002,90,,2777.31,0.16,150,2,150,2,6,P 1 21/n 1,-P 2yn,14,,,,- C27 H38 Cl3 N O Zr -,- C27 H38 Cl3 N O Zr -,- C108 H152 Cl12 N4 O4 Zr4 -,4,1
7022899,8.197,0.0002,11.4753,0.0003,21.1072,0.0006,90,,98.658,0.001,90,,1962.78,0.09,150,2,150,2,5,P 1 21/c 1,-P 2ybc,14,,,,- C20 H27 Cl2 N Ti -,- C20 H27 Cl2 N Ti -,- C80 H108 Cl8 N4 Ti4 -,4,1
7022900,13.735,0.0003,10.8552,0.0003,17.3126,0.0004,90,,97.84,0.001,90,,2557.12,0.11,150,2,150,2,4,P 1 21/c 1,-P 2ybc,14,,,,- C32 H37 N Ti -,- C32 H37 N Ti -,- C128 H148 N4 Ti4 -,4,1
7022968,10.9985,0.0004,15.8569,0.0006,20.497,0.0008,86.967,0.002,75.119,0.002,73.85,0.002,3317.8,0.2,120,2,120,2,7,P -1,-P 1,2,,,,- C70 H67 B F15 N O2 Zr -,- C70 H67 B F15 N O2 Zr -,- C140 H134 B2 F30 N2 O4 Zr2 -,2,1
7022969,11.026,0.0004,15.5861,0.0006,20.5604,0.0008,84.504,0.002,74.448,0.002,73.522,0.002,3263.4,0.2,120,2,120,2,7,P -1,-P 1,2,,,,- C73 H74 B F15 N O2 Ti -,- C73 H74 B F15 N O2 Ti -,- C146 H148 B2 F30 N2 O4 Ti2 -,2,1
7027596,10.562,0.005,18.902,0.002,11.236,,90,0.03,113.73,,90,,2053.5,1,173,2,173,2,5,P 1 21/n 1,-P 2yn,14,[V2(H)2{SiMe3N(CH2CH2NSiMe3)2}2],,,- C26 H72 N6 Si6 V2 -,- C26 H72 N6 Si6 V2 -,- C52 H144 N12 Si12 V4 -,2,0.5
7032061,16.2167,0.0013,14.178,0.0011,16.7183,0.0013,90,,104.34,0.0008,90,,3724.1,0.5,143,2,143,2,3,C 1 2/c 1,-C 2yc,15,,,,- C20 H30 Gd -,- C20 H30 Gd -,- C160 H240 Gd8 -,8,1
7032062,16.1651,0.0013,14.1669,0.0011,16.6568,0.0013,90,,104.117,0.0009,90,,3699.4,0.5,143,2,143,2,3,C 1 2/c 1,-C 2yc,15,,,,- C40 H62 Tb2 -,- C40 H62 Tb2 -,- C160 H248 Tb8 -,4,0.5
7032063,10.9652,0.0007,31.175,0.002,12.5094,0.0008,90,,99.6529,0.0007,90,,4215.7,0.5,83,2,83,2,3,P 1 21/n 1,-P 2yn,14,,,,- C47 H70 Dy2 -,- C47 H70 Dy2 -,- C188 H280 Dy8 -,4,1
7032064,10.6726,0.0006,10.7773,0.0006,17.0691,0.0009,100.744,0.0005,103.49,0.0005,97.8657,0.0006,1841.97,0.18,143,2,143,2,3,P -1,-P 1,2,,,,- C40 H62 Dy2 -,- C40 H62 Dy2 -,- C80 H124 Dy4 -,2,1
7043900,16.988,0.003,16.988,0.003,15.736,0.003,90,,90,,120,,3932.9,1.2,100,1,100,1,4,P 63,P 6c,173,,,,- C31.5 H60 N2 Th -,- C24 H42 N2 Th -,- C144 H252 N12 Th6 -,6,1
7043901,16.866,0.004,16.866,0.004,15.655,0.004,90,,90,,120,,3856.6,1.6,100,1,100,1,4,P 63,P 6c,173,,,,- C34.5 H54 N2 U -,- C24 H42 N2 U -,- C144 H252 N12 U6 -,6,1
7045815,8.3916,0.0003,16.1829,0.0006,9.2225,0.0003,90,,111.361,0.0004,90,,1166.38,0.07,88,2,88,2,5,P 1 21 1,P 2yb,4,,(C5Me5)2Y(THF)NH2,,- C24 H40 N O Y -,- C24 H40 N O Y -,- C48 H80 N2 O2 Y2 -,2,1
7045816,11.7992,0.0009,22.579,0.0018,15.3847,0.0012,90,,91.7762,0.001,90,,4096.7,0.6,128,2,128,2,6,P 1 21/n 1,-P 2yn,14,,[(C5Me5)2Y(THF)NH3][BPh4],,- C48 H61 B N O Y -,- C48 H61 B N O Y -,- C192 H244 B4 N4 O4 Y4 -,4,1
7048788,13.809,0.0003,21.5866,0.0008,15.4832,0.0006,90,,92.98,0.003,90,,4609.1,0.3,100.01,0.1,100.01,0.1,4,P 1 21/n 1,-P 2yn,14,,,,- C49 H81 P Th -,- C49 H81 P Th -,- C196 H324 P4 Th4 -,4,1
7048789,13.4503,0.0004,17.0758,0.0005,17.6755,0.0005,90,,97.625,0.003,90,,4023.7,0.2,100.01,0.1,100.01,0.1,4,C 1 2/c 1,-C 2yc,15,,,,- C42 H68 N4 Th -,- C42 H68 N4 Th -,- C168 H272 N16 Th4 -,4,0.5
7048790,10.2293,0.0001,20.8251,0.0002,17.4204,0.0002,90,,95.537,0.001,90,,3693.69,0.07,100.01,0.1,100.01,0.1,4,P 1 21/n 1,-P 2yn,14,,,,- C40 H66 O Th -,- C40 H66 O Th -,- C160 H264 O4 Th4 -,4,1
7048791,22.726,0.006,20.038,0.005,19.906,0.005,90,,104.794,0.003,90,,8764,4,100,2,100,2,4,C 1 2/c 1,-C 2yc,15,,,,- C46 H68 Se2 Th -,- C46 H68 Se2 Th -,- C368 H544 Se16 Th8 -,8,1
7048792,10.3422,0.0004,19.3149,0.0005,21.2672,0.0006,90,,102.863,0.003,90,,4141.7,0.2,100.01,0.1,100.01,0.1,4,P 1 2/n 1,-P 2yac,13,,,,- C46 H68 P2 Th -,- C46 H68 P2 Th -,- C184 H272 P8 Th4 -,4,1
7048793,12.0224,0.0005,14.9397,0.0006,19.817,0.0008,68.243,0.004,82.483,0.004,80.226,0.004,3248.8,0.2,100.01,0.1,100.01,0.1,5,P -1,-P 1,2,,,,- C70 H109 N P Th -,- C70 H109 N P Th -,- C140 H218 N2 P2 Th2 -,2,1
7048794,12.2839,0.0003,18.1136,0.0005,16.7491,0.0005,90,,92.286,0.002,90,,3723.8,0.18,100,0.1,100,0.1,5,P 1 21/c 1,-P 2ybc,14,,,,- C37 H65 O P Th -,- C37 H65 O P Th -,- C148 H260 O4 P4 Th4 -,4,1
7053673,12.321,0.003,25.157,0.005,9.3501,0.0019,90,,90,,90,,2898.2,1.1,293,2,293,2,7,P 21 21 2,P 2 2ab,18,,,,- C25 H35 Br Cl4 Cr N O -,- C25 H35 Br Cl4 Cr N O -,- C100 H140 Br4 Cl16 Cr4 N4 O4 -,4,1
7053674,9.839,0.002,11.779,0.002,25.013,0.005,90,,99.29,0.03,90,,2860.8,1,293,2,293,2,6,P 1 21/c 1,-P 2ybc,14,,,,- C25 H36 Cl3 Cr N2 O3 -,- C25 H36 Cl3 Cr N2 O3 -,- C100 H144 Cl12 Cr4 N8 O12 -,4,1
7053675,9.0986,0.0018,12.398,0.003,26.249,0.005,90,,94.29,0.03,90,,2952.7,1.1,293,2,293,2,6,P 1 21/c 1,-P 2ybc,14,,,,- C28 H34 Cl3 Cr N2 O3 -,- C28 H34 Cl3 Cr N2 O3 -,- C112 H136 Cl12 Cr4 N8 O12 -,4,1
7053676,12.378,0.003,16.829,0.003,17.805,0.004,90,,90,,90,,3708.9,1.4,293,2,293,2,6,P b c a,-P 2ac 2ab,61,,,,- C21 H21 Cl Cr N O -,- C21 H21 Cl Cr N O -,- C168 H168 Cl8 Cr8 N8 O8 -,8,1
7053677,7.7239,0.0015,16.784,0.003,20.079,0.004,80.09,0.03,80.03,0.03,85.18,0.03,2521.5,0.9,293,2,293,2,6,P -1,-P 1,2,,,,- C27 H33 Cl Cr N O -,- C27 H33 Cl Cr N O -,- C108 H132 Cl4 Cr4 N4 O4 -,4,2
7053678,11.365,0.002,18.149,0.004,12.445,0.003,90,,110.76,0.03,90,,2400.3,1,293,2,293,2,6,P 1 21/c 1,-P 2ybc,14,,,,- C22 H22 Cl3 Cr N2 O3 -,- C22 H22 Cl3 Cr N2 O3 -,- C88 H88 Cl12 Cr4 N8 O12 -,4,1
7102272,9.5275,0.0019,14.801,0.003,19.63,0.004,89.906,0.004,77.076,0.004,88.648,0.004,2697.2,0.9,163,2,163,2,4,P -1,-P 1,2,,,,- C59 H94 B2 Y2 -,- C59 H94 B2 Y2 -,- C118 H188 B4 Y4 -,2,1
7102340,17.4815,0.0009,17.4815,0.0009,27.596,0.002,90,,90,,120,,7303.5,0.8,180,2,180,2,6,R 3 c :H,"R 3 -2""c",161,,,,- C31 H63 K O Si6 Sn -,- C31.02 H63 K O Si6 Sn -,- C186.12 H378 K6 O6 Si36 Sn6 -,6,0.333333
7102341,33.6787,0.0003,33.6787,0.0003,11.173,0.0001,90,,90,,90,,12673,0.2,180,2,180,2,5,P 42/n m c :2,-P 4ac 2a,137,,,,- C37 H87 Li3 N6 Si4 -,- C37 H81 Li3 N6 Si4 -,- C296 H648 Li24 N48 Si32 -,8,0.5
7102399,13.975,0.003,19.331,0.004,16.878,0.003,90,,90.3,0.03,90,,4559.6,1.6,83,2,83,2,6,P 1 21/n 1,-P 2yn,14,Me4C2Cp2(BARF)Cr(CN)CNdimep,,,- C53 H37 B Cr F15 N2 -,- C53 H37 B Cr F15 N2 -,- C212 H148 B4 Cr4 F60 N8 -,4,1
7102400,11.864,0.003,12.943,0.003,15.545,0.002,72.61,0.01,73.68,0.01,71.9,0.02,2118.1,0.8,203,2,203,2,6,P -1,-P 1,2,(Me4C2Cp(BARF)CpCrCNDimep) + C6H6,,,- C49 H34 B Cr F15 N -,- C49 H34 B Cr F15 N -,- C98 H68 B2 Cr2 F30 N2 -,2,1
7110778,37.705,0.008,10.99,0.002,18.178,0.004,90,,106.48,0.03,90,,7223,3,293,2,293,2,5,C 1 2/c 1,-C 2yc,15,,,,- C38 H29 B F15 Ti -,- C38 H29 B F15 Ti -,- C304 H232 B8 F120 Ti8 -,8,1
7110779,12.827,0.003,18.862,0.004,19.499,0.004,90,,94.26,0.03,90,,4704.6,1.8,293,2,293,2,6,P 1 21/c 1,-P 2ybc,14,,,,- C49 H44 B F15 Si Zr -,- C49 H44 B F15 Si Zr -,- C196 H176 B4 F60 Si4 Zr4 -,4,1
7119141,7.0929,0.0002,15.6774,0.0004,20.8647,0.0005,90,,90,,90,,2320.12,0.1,100,2,100,2,7,P 21 21 21,P 2ac 2ab,19,,,,- C21 H29 F6 Ir N O P -,- C21 H29 F6 Ir N O P -,- C84 H116 F24 Ir4 N4 O4 P4 -,4,1
7121193,13.3448,0.0006,25.7942,0.0013,31.7835,0.0015,90,,90,,90,,10940.5,0.9,100,,100,,6,P 21 21 21,P 2ac 2ab,19,,,,- C56 H90 Cl2 N2 P2 Zr -,- C44 H62 Cl2 N2 P2 Zr -,- C352 H496 Cl16 N16 P16 Zr8 -,8,2
7121194,17.7014,0.0006,13.7831,0.0005,17.8222,0.0007,90,,99.961,0.001,90,,4282.7,0.3,100,2,100.01,,6,P 1 21/n 1,-P 2yn,14,,,,- C44 H62 Cl N2 P2 Zr -,- C44 H62 Cl N2 P2 Zr -,- C176 H248 Cl4 N8 P8 Zr4 -,4,1
7121195,17.727,0.0005,13.7111,0.0004,17.849,0.0005,90,,99.773,0.001,90,,4275.4,0.2,100,,100,,6,P 1 21/n 1,-P 2yn,14,,,,- C44 H62 Cl Hf N2 P2 -,- C44 H62 Cl Hf N2 P2 -,- C176 H248 Cl4 Hf4 N8 P8 -,4,1
7121196,13.3358,0.0006,25.5782,0.0013,31.842,0.0014,90,,90,,90,,10861.5,0.9,100,2,100,,6,P 21 21 21,P 2ac 2ab,19,,,,- C58 H78 Cl2 Hf N2 P2 -,- C58 H78 Cl2 Hf N2 P2 -,- C464 H624 Cl16 Hf8 N16 P16 -,8,2
7122247,10.0265,0.0001,12.7798,0.0001,25.9558,0.0003,90,,90,,90,,3325.89,0.06,150,,150,,3,P 21 21 21,P 2ac 2ab,19,,,,- C38 H50 Si -,- C38 H50 Si -,- C152 H200 Si4 -,4,1
7122248,10.5667,0.0004,13.3377,0.0006,14.5723,0.0007,94.961,0.004,106.587,0.004,94.008,0.004,1951.27,0.16,150,2,150,2,5,P -1,-P 1,2,,,,- C44 H54 Cl2 Hf Si -,- C44 H54 Cl2 Hf Si -,- C88 H108 Cl4 Hf2 Si2 -,2,1
7122249,13.8066,0.0004,15.6857,0.0005,19.9468,0.0006,78.658,0.002,76.378,0.002,69.286,0.003,3896.2,0.2,150,2,150,2,5,P -1,-P 1,2,,,,- C85 H116 Cl4 Si2 Zr2 -,- C85 H116 Cl4 Si2 Zr2 -,- C170 H232 Cl8 Si4 Zr4 -,2,1
7122250,10.5809,0.0003,13.3793,0.0003,14.5519,0.0005,94.719,0.002,106.544,0.003,94.233,0.002,1957.84,0.1,150,2,150,2,5,P -1,-P 1,2,,,,- C44 H54 Cl2 Si Zr -,- C44 H54 Cl2 Si Zr -,- C88 H108 Cl4 Si2 Zr2 -,2,1
7122251,11.1926,0.0006,12.9453,0.0007,13.5301,0.0007,101.807,0.004,108.951,0.005,97.086,0.004,1776.35,0.18,150,2,150,2,5,P -1,-P 1,2,,,,- C39 H50 Cl2 Si Zr -,- C39 H50 Cl2 Si Zr -,- C78 H100 Cl4 Si2 Zr2 -,2,1
7122252,15.4588,0.0008,16.8913,0.001,19.2243,0.0009,68.923,0.005,84.784,0.004,65.752,0.005,4261.2,0.5,150,2,149.9,0.4,5,P -1,-P 1,2,,,,- C40 H52 Cl2 Si Zr -,- C40 H52 Cl2 Si Zr -,- C160 H208 Cl8 Si4 Zr4 -,4,2
7126389,15.5064,0.0011,21.8874,0.0016,31.229,0.002,90,,101.817,0.001,90,,10374.3,1.2,200,2,200,,7,P 1 21/c 1,-P 2ybc,14,,,,- C101 H104 Al B Dy2 F36 O4 -,- C101 H104 Al B Dy2 F36 O4 -,- C404 H416 Al4 B4 Dy8 F144 O16 -,4,1
7128395,14.1448,0.0001,21.9288,0.0001,26.0721,0.0002,90,,98.309,0.001,90,,8002.12,0.09,100,0.1,100,0.1,4,P 1 21/n 1,-P 2yn,14,,,,- C78 H136 B3 Dy3 -,- C78 H136 B3 Dy3 -,- C312 H544 B12 Dy12 -,4,1
7128396,14.2955,0.0005,17.6222,0.0007,19.9866,0.0006,80.945,0.003,88.122,0.003,88.861,0.003,4969,0.3,100,0.11,100,0.11,5,P -1,-P 1,2,,,,- C102 H132 B3 Dy3 F20 -,- C102 H132 B3 Dy3 F20 -,- C204 H264 B6 Dy6 F40 -,2,1
7128630,14.0255,0.0007,16.7687,0.0009,21.8639,0.0015,90,,90,,90,,5142.2,0.5,180,2,180,2,4,P b c a,-P 2ac 2ab,61,,,,- C26 H41 O2 Y -,- C26 H41 O2 Y -,- C208 H328 O16 Y8 -,8,1
7128631,18.808,0.016,8.677,0.007,19.029,0.016,90,,113.609,0.011,90,,2846,4,100,2,100,2,5,P 1 21/c 1,-P 2ybc,14,,,,- C28 H50 Al La O -,- C28 H50 Al La O -,- C112 H200 Al4 La4 O4 -,4,1
7128632,16.6514,0.0015,15.0366,0.0013,11.0355,0.001,90,,90,,90,,2763.1,0.4,136,2,136,2,5,P n m a,-P 2ac 2n,62,,,,- C27 H46 Al La O -,- C27 H46 Al La O -,- C108 H184 Al4 La4 O4 -,4,0.5
7128633,10.5384,0.0002,19.7009,0.0004,11.5448,0.0002,90,,97.1483,0.001,90,,2378.25,0.08,100,2,100,2,4,P 1 21/n 1,-P 2yn,14,,,,- C26 H41 O Y -,- C26 H41 O Y -,- C104 H164 O4 Y4 -,4,1
7202225,7.6566,0.0007,14.2184,0.0013,12.4639,0.0011,90,,91.546,0.002,90,,1356.4,0.2,100,2,100,2,4,P 1 21/n 1,-P 2yn,14,KP23,,,- C15 H20 O Zr -,- C15 H20 O Zr -,- C60 H80 O4 Zr4 -,4,1
7202226,7.17,0.0014,9.053,0.0018,10.385,0.002,90,,91.14,0.03,90,,674,0.2,211,2,211,2,3,P 1 21/m 1,-P 2yb,11,KP24,,,- C15 H20 Hf -,- C15 H20 Hf -,- C30 H40 Hf2 -,2,0.5
7225556,18.2887,0.0009,27.7326,0.0014,15.9855,0.0008,90,,108.49,0.001,90,,7689.2,0.7,187,2,187,2,7,P 1 21/c 1,-P 2ybc,14,,,,- C35 H42 Cl2 F O2 P Zr -,- C35 H42 Cl2 F O2 P Zr -,- C280 H336 Cl16 F8 O16 P8 Zr8 -,8,2
7225557,20.3736,0.0016,21.5156,0.0016,13.6999,0.001,90,,90,,90,,6005.4,0.8,185,2,185,2,6,P b c n,-P 2n 2ab,60,,,,- C30 H41 Cl2 O2 P Zr -,- C30 H41 Cl2 O2 P Zr -,- C240 H328 Cl16 O16 P8 Zr8 -,8,1
7702296,6.001,0.001,8.113,0.001,12.399,0.001,99.19,0.01,94.36,0.01,93.36,0.01,592.65,0.13,198,2,198,2,5,P -1,-P 1,2,,,,- C26 H40 Fe N2 O2 -,- C26 H40 Fe N2 O2 -,- C26 H40 Fe N2 O2 -,1,0.5
7702297,6.975,0.001,12.127,0.001,12.384,0.001,95.65,0.01,91.35,0.01,90.44,0.01,1042.08,0.19,198,2,198,2,6,P -1,-P 1,2,,,,- C20 H29 Cl2 N O Zr -,- C20 H29 Cl2 N O Zr -,- C40 H58 Cl4 N2 O2 Zr2 -,2,1
7702298,12.967,0.001,13.167,0.001,12.702,0.001,90,,95.07,0.01,90,,2160.2,0.3,198,2,198,2,8,P 1 21/c 1,-P 2ybc,14,,,,- C18.5 H26 B Cl2 F4 N O Ti -,- C18.5 H26 B Cl2 F4 N O Ti -,- C74 H104 B4 Cl8 F16 N4 O4 Ti4 -,4,1
7702299,7.715,0.001,11.021,0.001,26.172,0.003,90,,90,,90,,2225.3,0.4,223,2,223,2,4,P b c a,-P 2ac 2ab,61,,,,- C12 H17 N O -,- C12 H17 N O -,- C96 H136 N8 O8 -,8,1
7702300,10.916,0.003,10.601,0.003,11.246,0.008,90,,109.37,0.03,90,,1227.7,1,223,2,223,2,4,P 1 21/n 1,-P 2yn,14,,,,- C13 H19 N O -,- C13 H21 N O -,- C52 H84 N4 O4 -,4,1
7702963,12.1133,0.0005,12.942,0.0007,15.0302,0.0008,70.115,0.005,84.171,0.004,84.068,0.004,2198.4,0.2,100.01,0.1,100.01,0.1,5,P -1,-P 1,2,,,,- C23 H29 N3 O3 Ru -,- C23 H29 N3 O3 Ru -,- C92 H116 N12 O12 Ru4 -,4,2
7702964,5.9641,0.0004,8.3166,0.0007,15.9058,0.0016,98.82,0.007,95.605,0.006,104.953,0.006,745.39,0.11,100.01,0.1,100.01,0.1,5,P -1,-P 1,2,,,,- C17 H18 N2 O2 Ru -,- C17 H18 N2 O2 Ru -,- C34 H36 N4 O4 Ru2 -,2,1
7702965,8.1567,0.0005,10.104,0.0007,10.3448,0.0007,111.683,0.007,91.422,0.006,93.468,0.005,789.77,0.1,99.99,0.1,99.99,0.1,5,P -1,-P 1,2,,,,- C16 H19 I O2 Ru -,- C16 H19 I O2 Ru -,- C32 H38 I2 O4 Ru2 -,2,1
7702966,7.6382,0.0003,20.2298,0.0009,8.0749,0.0003,90,,99.314,0.004,90,,1231.28,0.09,100.01,0.1,100.01,0.1,4,P 1 21/c 1,-P 2ybc,14,,,,- C14 H19 N Ru -,- C14 H19 N Ru -,- C56 H76 N4 Ru4 -,4,1
7702967,11.9888,0.0012,5.6864,0.0005,14.2237,0.0016,90,,100.876,0.009,90,,952.26,0.17,100,2,100,2,3,P 1 21/c 1,-P 2ybc,14,,,,- C12 H12 Ru -,- C12 H12 Ru -,- C48 H48 Ru4 -,4,1
7702968,30.3009,0.0005,30.3009,0.0005,5.97018,0.00011,90,,90,,120,,4747.11,0.14,100,0.1,100,0.1,4,P -3,-P 3,147,,,,- C12 H14 O Ru -,- C12 H14 O Ru -,- C216 H252 O18 Ru18 -,18,3
7707402,11.2505,0.0005,14.1291,0.0005,15.8551,0.0007,75.743,0.004,75.712,0.004,70.891,0.004,2269.78,0.18,100.01,0.1,100.01,0.1,5,P -1,-P 1,2,,,,- C44 H75 O P2 U -,- C44 H75 O P2 U -,- C88 H150 O2 P4 U2 -,2,1
7707403,11.247,0.0004,13.893,0.0006,15.3588,0.0008,77.525,0.004,76.193,0.004,75.636,0.004,2226.1,0.18,100.01,0.1,100.01,0.1,5,P -1,-P 1,2,,,,- C44 H74 O P2 U -,- C44 H74 O P2 U -,- C88 H148 O2 P4 U2 -,2,1
7707404,10.3013,0.0001,11.9655,0.0002,29.1545,0.0004,90,,90.581,0.001,90,,3593.4,0.09,100.02,0.1,100.02,0.1,6,P 1 21/c 1,-P 2ybc,14,,,,- C29 H51 Cl O P U -,- C29 H51 Cl O P U -,- C116 H204 Cl4 O4 P4 U4 -,4,1
7707405,12.5859,0.0004,13.4822,0.0004,17.7155,0.0005,88.637,0.002,88.144,0.003,66.662,0.003,2758.48,0.16,100.01,0.1,100.01,0.1,6,P -1,-P 1,2,,,,- C58 H87 N O P2 U -,- C58 H87 N O P2 U -,- C116 H174 N2 O2 P4 U2 -,2,1
7707406,12.3468,0.0003,14.2113,0.0003,22.6534,0.0004,90,,95.035,0.002,90,,3959.52,0.15,100,0.1,100,0.1,6,P 1 21/c 1,-P 2ybc,14,,,,- C44 H57 Cl O P U -,- C44 H57 Cl O P U -,- C176 H228 Cl4 O4 P4 U4 -,4,1
7707407,11.6669,0.0003,15.2663,0.0003,15.5146,0.0002,91.555,0.001,101.178,0.002,105.644,0.002,2601.23,0.1,100.01,0.1,100.01,0.1,6,P -1,-P 1,2,,,,- C51 H79 N O P2 U -,- C51 H79 N O P2 U -,- C102 H158 N2 O2 P4 U2 -,2,1
7707408,11.6056,0.0004,15.4804,0.0004,15.8055,0.0004,92.421,0.002,101.441,0.003,106.28,0.003,2657.1,0.14,100.01,0.1,100.01,0.1,6,P -1,-P 1,2,,,,- C51 H85 N O P2 U -,- C51 H85 N O P2 U -,- C102 H170 N2 O2 P4 U2 -,2,1
7707409,11.2617,0.0003,12.8896,0.0003,20.1027,0.0005,101.398,0.002,105.08,0.002,93.693,0.002,2741.27,0.12,100.01,0.1,100.01,0.1,6,P -1,-P 1,2,,,,- C58 H85 N O P2 U -,- C58 H85 N O P2 U -,- C116 H170 N2 O2 P4 U2 -,2,1
7707410,19.9402,0.0003,11.2013,0.0002,31.8356,0.0004,90,,104.182,0.001,90,,6893.96,0.19,100.01,0.1,100.01,0.1,6,C 1 2/c 1,-C 2yc,15,,,,- C62 H104 N4 O2 P4 U -,- C62 H104 N4 O2 P4 U -,- C248 H416 N16 O8 P16 U4 -,4,0.5
7707411,11.3562,0.0007,13.6804,0.0007,17.5534,0.0009,71.805,0.005,79.054,0.005,89.35,0.004,2540.2,0.3,100,0.1,100,0.1,6,P -1,-P 1,2,,,,- C49 H83 N O P2 U -,- C49 H83 N O P2 U -,- C98 H166 N2 O2 P4 U2 -,2,1
7707412,10.9937,0.0001,27.2685,0.0002,15.1248,0.0001,90,,90.184,0.001,90,,4534.12,0.06,100,0.1,100,0.1,6,P 1 21/n 1,-P 2yn,14,,,,- C44 H74 N O P2 U -,- C44 H74 N O P2 U -,- C176 H296 N4 O4 P8 U4 -,4,1
7707413,10.5459,0.0003,16.111,0.0005,17.2548,0.0003,97.179,0.002,100.999,0.002,104.742,0.003,2736.2,0.14,100,0.1,100,0.1,6,P -1,-P 1,2,,,,- C58 H84 N2 O P2 U -,- C58 H84 N2 O P2 U -,- C116 H168 N4 O2 P4 U2 -,2,1
7707414,11.7517,0.0003,13.6494,0.0003,18.3973,0.0004,102.128,0.002,96.594,0.002,108.988,0.002,2674.04,0.12,100,0.1,100,0.1,6,P -1,-P 1,2,,,,- C51 H85 N O P2 U -,- C51 H85 N O P2 U -,- C102 H170 N2 O2 P4 U2 -,2,1
7707415,15.5525,0.0002,16.8123,0.0002,21.0005,0.0002,90,,106.735,0.001,90,,5258.51,0.11,100,0.1,100,0.1,6,P 1 21/c 1,-P 2ybc,14,,,,- C53 H83 N O P2 U -,- C53 H83 N O P2 U -,- C212 H332 N4 O4 P8 U4 -,4,1
7707416,15.2799,0.0003,13.7684,0.0002,25.9808,0.0004,90,,100.722,0.002,90,,5370.41,0.16,100,0.1,100,0.1,6,P 1 21/c 1,-P 2ybc,14,,,,- C45 H74 O P2 S2 U -,- C45 H74 O P2 S2 U -,- C180 H296 O4 P8 S8 U4 -,4,1
7707884,10.5325,0.0003,12.6083,0.0003,30.1952,0.0007,90,,92.176,0.002,90,,4006.94,0.18,100.01,0.1,100.01,0.1,7,P 1 21/n 1,-P 2yn,14,,,,- C25 H51 Cl O P Si4 U -,- C25 H51 Cl O P Si4 U -,- C100 H204 Cl4 O4 P4 Si16 U4 -,4,1
7707885,12.2187,0.0001,17.1216,0.0002,22.5679,0.0002,81.938,0.001,76.421,0.001,71.801,0.001,4348.28,0.08,100,0.1,100,0.1,7,P -1,-P 1,2,,,,- C71 H121 O2 P2 S2 Si8 U2 -,- C71 H121 O2 P2 S2 Si8 U2 -,- C142 H242 O4 P4 S4 Si16 U4 -,2,1
7707886,13.8316,0.0003,20.3339,0.0004,15.0866,0.0003,90,,93.183,0.002,90,,4236.57,0.15,100.01,0.1,100.01,0.1,7,P 1 21/n 1,-P 2yn,14,,,,- C34 H62 N O P Si4 U -,- C34 H62 N O P Si4 U -,- C136 H248 N4 O4 P4 Si16 U4 -,4,1
7707887,15.2105,0.0004,18.7372,0.0004,22.0699,0.0002,90.115,0.001,106.883,0.002,103.328,0.002,5840.7,0.2,100,0.1,100,0.1,7,P -1,-P 1,2,,,,- C54 H84 N2 O P2 Si4 U -,- C54 H84 N2 O P2 Si4 U -,- C216 H336 N8 O4 P8 Si16 U4 -,4,2
7707888,22.098,0.0004,11.5929,0.0002,21.5294,0.0004,90,,100.488,0.0019,90,,5423.25,0.17,100,0.1,100,0.1,7,P 1 21/c 1,-P 2ybc,14,,,,- C47 H85 N O P2 Si4 U -,- C47 H85 N O P2 Si4 U -,- C188 H340 N4 O4 P8 Si16 U4 -,4,1
7707889,11.516,0.0002,14.2653,0.0002,17.1503,0.0001,101.502,0.001,101.447,0.001,98.356,0.001,2655.32,0.06,100,0.1,100,0.1,7,P -1,-P 1,2,,,,- C47 H79 N O P2 Si4 U -,- C47 H79 N O P2 Si4 U -,- C94 H158 N2 O2 P4 Si8 U2 -,2,1
7707890,11.6693,0.0001,11.4991,0.0002,39.0487,0.0004,90,,92.693,0.001,90,,5234.02,0.11,100,0.1,100,0.1,7,P 1 21/n 1,-P 2yn,14,,,,- C47 H79 N O P2 Si4 U -,- C47 H79 N O P2 Si4 U -,- C188 H316 N4 O4 P8 Si16 U4 -,4,1
7707891,12.133,0.0001,25.2117,0.0002,22.3666,0.0002,90,,101.984,0.001,90,,6692.69,0.1,100,0.1,100,0.1,6,P 1 21/n 1,-P 2yn,14,,,,- C57 H99 O2 P2 Si6 U -,- C57 H99 O2 P2 Si6 U -,- C228 H396 O8 P8 Si24 U4 -,4,1
7711889,21.03531,0.00017,20.26378,0.00016,18.4541,0.00017,90,,93.2609,0.0008,90,,7853.41,0.11,293,2,293,2,6,P 1 21/c 1,-P 2ybc,14,,,,- C44 H21 B F20 W Zr -,- C44 H21 B F20 W Zr -,- C352 H168 B8 F160 W8 Zr8 -,8,2
7711890,14.7488,0.0006,17.4771,0.0006,18.3105,0.0007,90,,106.64,0.001,90,,4522.2,0.3,120,2,120,2,7,P 1 21/n 1,-P 2yn,14,,,,- C51 H30 B F20 N W Zr -,- C51 H30 B F20 N W Zr -,- C204 H120 B4 F80 N4 W4 Zr4 -,4,1
7711891,14.85184,0.00019,8.23727,0.00011,19.394,0.0002,90,,96.9574,0.0012,90,,2355.16,0.05,293,2,293,2,6,P 1 c 1,P -2yc,7,,,,- C54 H31 B F20 W1.02 Zr2.04 -,- C54 H31 B F20 W1.0181 Zr2.0362 -,- C108 H62 B2 F40 W2.0362 Zr4.0724 -,2,1
7711892,16.6914,0.0018,17.9195,0.0019,18.449,0.002,98.483,0.003,107.679,0.003,115.933,0.003,4467.9,0.9,123,2,123,2,7,P -1,-P 1,2,,,,- C94 H60 B2 F40 P2 W2 Zr2 -,- C94 H60 B2 F40 P2 W2 Zr2 -,- C188 H120 B4 F80 P4 W4 Zr4 -,2,1
7711893,9.48527,0.00008,22.02675,0.00015,10.72318,0.0001,90,,116.046,0.0011,90,,2012.86,0.03,293,2,293,2,6,P 1 21 1,P 2yb,4,,,,- C46 H36 B F15 W Zr -,- C46 H36 B F15 W Zr -,- C92 H72 B2 F30 W2 Zr2 -,2,1
7711894,9.4755,0.0001,17.8277,0.0002,24.953,0.0002,90,,93.234,0.001,90,,4208.51,0.07,293,2,293,2,6,P 1 21/c 1,-P 2ybc,14,,,,- C50 H32 B F15 W Zr -,- C50 H32 B F15 W Zr -,- C200 H128 B4 F60 W4 Zr4 -,4,1
7713102,9.64,0.002,10.518,0.003,10.543,0.002,74.342,0.006,71.581,0.009,75.201,0.006,959.5,0.4,150,2,150,2,5,P -1,-P 1,2,,,,- C20 H24 Cl2 Si Zr -,- C20 H24 Cl2 Si Zr -,- C40 H48 Cl4 Si2 Zr2 -,2,1
7713103,10.2268,0.0013,11.5064,0.0013,12.7604,0.0015,87.285,0.004,67.191,0.004,82,0.005,1370.6,0.3,150,2,150,2,5,P -1,-P 1,2,,,,- C27 H30 Cl2 Si Zr -,- C27 H30 Cl2 Si Zr -,- C54 H60 Cl4 Si2 Zr2 -,2,1
7713104,9.2245,0.0008,9.6841,0.0008,24.836,0.002,97.692,0.003,97.894,0.003,104.493,0.005,2094.7,0.3,296,2,296,2,6,P -1,-P 1,2,,,,- C42 H60 Cl2 O2 Si Zr -,- C42 H60 Cl2 O2 Si Zr -,- C84 H120 Cl4 O4 Si2 Zr2 -,2,1
7713105,10.232,0.0015,11.6128,0.0015,12.8244,0.0017,87.756,0.005,67.625,0.005,81.863,0.005,1394.7,0.3,150,2,150,2,5,P -1,-P 1,2,,,,- C27 H30 Cl2 Hf Si -,- C27 H30 Cl2 Hf Si -,- C54 H60 Cl4 Hf2 Si2 -,2,1
7713106,10.8073,0.001,17.0431,0.0016,15.6166,0.0016,90,,93.24,0.004,90,,2871.8,0.5,150,2,150,2,5,P 1 21/n 1,-P 2yn,14,,,,- C35 H34 Cl2 Si Zr -,- C35 H34 Cl2 Si Zr -,- C140 H136 Cl8 Si4 Zr4 -,4,1
7713107,13.5939,0.0016,13.3843,0.0013,17.1306,0.0019,90,,107.912,0.004,90,,2965.8,0.6,150,,150,,6,P 1 21/c 1,-P 2ybc,14,,,,- C32 H40 Cl2 O Si Zr -,- C32 H40 Cl2 O Si Zr -,- C128 H160 Cl8 O4 Si4 Zr4 -,4,1
7713108,10.5046,0.0009,13.1681,0.0011,17.5901,0.0015,104.387,0.003,98.242,0.003,111.897,0.003,2110.1,0.3,150,,150,,6,P -1,-P 1,2,,,,- C41 H58 Cl2 O2 Si Zr -,- C41 H58 Cl2 O2 Si Zr -,- C82 H116 Cl4 O4 Si2 Zr2 -,2,1
7713109,13.5837,0.0012,13.3364,0.0011,17.0243,0.0017,90,,107.861,0.003,90,,2935.4,0.5,150,2,150,2,6,P 1 21/c 1,-P 2ybc,14,,,,- C32 H40 Cl2 Hf O Si -,- C32 H40 Cl2 Hf O Si -,- C128 H160 Cl8 Hf4 O4 Si4 -,4,1
7713110,12.632,0.0008,18.1924,0.0014,23.8569,0.0017,86.522,0.003,85.21,0.002,84.849,0.002,5433.4,0.7,150,2,150,2,5,P -1,-P 1,2,,,,- C112 H154 Cl6 Si3 Zr3 -,- C112 H154 Cl6 Si3 Zr3 -,- C224 H308 Cl12 Si6 Zr6 -,2,1
7713803,11.9779,0.0003,12.2577,0.0002,21.5594,0.0003,81.132,0.001,80.211,0.002,61.361,0.002,2727.99,0.1,100.01,0.1,100.01,0.1,5,P -1,-P 1,2,,,,- C51 H75 N Si6 U -,- C51 H75 N Si6 U -,- C102 H150 N2 Si12 U2 -,2,1
7713804,10.8797,0.0005,10.9007,0.0004,22.5081,0.0005,76.998,0.002,81.201,0.003,80.413,0.004,2546.02,0.16,100,0.1,100,0.1,5,P -1,-P 1,2,,,,- C44 H75 S2 Si6 U -,- C44 H75 S2 Si6 U -,- C88 H150 S4 Si12 U2 -,2,1
7713805,11.5856,0.0002,12.814,0.0003,22.9235,0.0003,95.933,0.001,99.85,0.002,110.413,0.002,3093.08,0.11,100,0.1,100,0.1,6,P -1,-P 1,2,,,,- C59 H85 N2 O2 Si6 U -,- C59 H85 N2 O2 Si6 U -,- C118 H170 N4 O4 Si12 U2 -,2,1
7713806,12.0216,0.0004,22.2346,0.0005,23.1886,0.0004,92.121,0.002,101.119,0.002,97.782,0.002,6013.1,0.3,99.98,0.1,99.98,0.1,5,P -1,-P 1,2,,,,- C42 H72 N2 Si6 U -,- C42 H72 N2 Si6 U -,- C168 H288 N8 Si24 U4 -,4,2
7713807,11.2283,0.0002,19.4707,0.0003,22.729,0.0003,79.006,0.001,86.497,0.001,88.881,0.001,4868.61,0.13,100,0.1,100,0.1,6,P -1,-P 1,2,,,,- C41 H70 N S Si6 U -,- C41 H70 N S Si6 U -,- C164 H280 N4 S4 Si24 U4 -,4,2
7713808,11.0671,0.0003,23.6673,0.0008,19.3209,0.0006,90,,93.713,0.003,90,,5050.1,0.3,100,0.1,100,0.1,6,P 1 21/c 1,-P 2ybc,14,,,,- C41 H72 Cl N Si7 U -,- C41 H72 Cl N Si7 U -,- C164 H288 Cl4 N4 Si28 U4 -,4,1
7713809,11.2421,0.0003,17.3258,0.0003,24.2585,0.0006,90,,102.701,0.003,90,,4609.41,0.19,99.97,0.19,99.97,0.19,6,P 1 21/n 1,-P 2yn,14,,,,- C35 H65 I N Si6 U -,- C35 H65 I N Si6 U -,- C140 H260 I4 N4 Si24 U4 -,4,1
7713810,15.71148,0.00017,17.09461,0.00016,23.34218,0.00017,69.891,0.0008,73.7899,0.0009,85.9991,0.0008,5650.67,0.1,100.03,0.18,100.03,0.18,5,P -1,-P 1,2,,,,- C51 H79 N3 Si6 U -,- C51 H79 N3 Si6 U -,- C204 H316 N12 Si24 U4 -,4,2
7713811,12.1303,0.0003,12.8239,0.0003,21.7214,0.0004,96.102,0.002,90.987,0.002,111.065,0.002,3129.66,0.13,99.8,0.4,99.8,0.4,6,P -1,-P 1,2,,,,- C55 H94 N4 S Si6 U -,- C55 H94 N4 S Si6 U -,- C110 H188 N8 S2 Si12 U2 -,2,1
7713812,50.4898,0.0009,11.7748,0.0003,38.7911,0.0008,90,,94.7,0.0017,90,,22984,0.9,99.98,0.1,99.98,0.1,5,C 1 2/c 1,-C 2yc,15,,,,- C50 H80 N2 Si6 U -,- C50 H80 N2 Si6 U -,- C800 H1280 N32 Si96 U16 -,16,2
7714567,32.182,0.0009,9.9605,0.0003,25.7143,0.0007,90,,116.405,0.001,90,,7382.8,0.4,173,2,173,2,7,C 1 2/c 1,-C 2yc,15,,,,- C90 H75 D18 F N2 O2 Ti2 -,- C90 H75 D18 F N2 O2 Ti2 -,- C360 H300 D72 F4 N8 O8 Ti8 -,4,0.5
7714568,10.6861,0.0004,16.556,0.0008,19.224,0.0009,72.239,0.002,80.612,0.002,80.477,0.002,3171.3,0.2,173,2,173,2,6,P -1,-P 1,2,,,,- C78 H76 D6 N2 O2 Ti2 -,- C78 H76 D6 N2 O2 Ti2 -,- C156 H152 D12 N4 O4 Ti4 -,2,1
7714569,19.3473,0.0004,10.088,0.0002,37.1203,0.0009,90,,91.104,0.001,90,,7243.6,0.3,173,2,173,2,5,P 1 21/c 1,-P 2ybc,14,,,,- C82 H96 N2 O4.5 Zr2 -,- C82 H96 N2 O4.5 Zr2 -,- C328 H384 N8 O18 Zr8 -,4,1
7714570,11.4505,0.0004,17.7306,0.0004,22.2391,0.0006,105.95,0.001,103.435,0.001,102.207,0.001,4035.4,0.2,173,2,173,2,6,P -1,-P 1,2,,,,- C90 H115 F N2 O4 Zr2 -,- C80 H91 F N2 O4 Zr2 -,- C160 H182 F2 N4 O8 Zr4 -,2,1
7714571,12.0624,0.0006,44.306,0.002,15.5799,0.0007,90,,90,,90,,8326.5,0.7,233,2,233.02,,5,P n a 21,P 2c -2n,33,,,,- C96 H124 Hf2 N2 O8 -,- C80 H92 Hf2 N2 O4 -,- C320 H368 Hf8 N8 O16 -,4,1
7714572,18.1231,0.0005,22.0856,0.0006,18.4615,0.0006,90,,99.607,0.001,90,,7285.8,0.4,233,2,233,2,6,P 1 21/c 1,-P 2ybc,14,,,,- C82 H95 F Hf2 N2 O4.5 -,- C80 H91 F Hf2 N2 O4 -,- C320 H364 F4 Hf8 N8 O16 -,4,1
7716028,13.3784,0.0007,14.5841,0.0008,15.1837,0.0008,110.935,0.001,103.351,0.0011,96.2143,0.0011,2632.2,0.2,120,2,120,2,5,P -1,-P 1,2,,47diMe56triptZrCl2,,- C68 H62 Cl2 Si Zr -,- C68 H62 Cl2 Si Zr -,- C136 H124 Cl4 Si2 Zr2 -,2,1
